Country.of.Origin,Region.Name,Processing.Method,Aroma,Flavor,Aftertaste,Acidity,Body,Balance,Uniformity,Clean.Cup,Sweetness,Cupper.Points,Total.Cup.Points,altitude_mean_meters
Ethiopia,Africa,Washed / Wet,8.67,8.83,8.67,8.75,8.5,8.42,10,10,10,8.75,90.58,2075
Ethiopia,Africa,Washed / Wet,8.75,8.67,8.5,8.58,8.42,8.42,10,10,10,8.58,89.92,2075
Ethiopia,Africa,Natural / Dry,8.17,8.58,8.42,8.42,8.5,8.25,10,10,10,8.67,89,2000
Ethiopia,Africa,Washed / Wet,8.25,8.5,8.25,8.5,8.42,8.33,10,10,10,8.58,88.83,2075
Ethiopia,Africa,Natural / Dry,8.08,8.58,8.5,8.5,7.67,8.42,10,10,10,8.5,88.25,1822.5
Ethiopia,Africa,Natural / Dry,8.17,8.67,8.25,8.5,7.75,8.17,10,10,10,8.58,88.08,1905
Colombia,South America,Washed / Wet,8.25,8.42,8.17,8.33,8.08,8.17,10,10,10,8.5,87.92,1872
Colombia,South America,Washed / Wet,8.08,8.67,8.33,8.42,8,8.08,10,10,10,8.33,87.92,1943
Colombia,South America,Washed / Wet,8,8.5,8.58,8.17,8.17,8,10,10,10,8.17,87.58,2080
China,Asia,Washed / Wet,8.42,8.25,8.08,8.17,7.92,8,10,10,10,8.42,87.25,1450
Ethiopia,Africa,Natural / Dry,8.17,8.17,8,8.17,8.08,8.33,10,10,10,8.33,87.25,1850
Colombia,South America,Washed / Wet,8,8.25,8.08,8.5,8.25,8,10,10,10,8.17,87.25,2019
Costa Rica,Central America,Washed / Wet,8.08,8.25,8,8.17,8,8.33,10,10,10,8.33,87.17,1300
Mexico,Mexico,Washed / Wet,8.17,8.25,8.17,8,7.83,8.17,10,10,10,8.58,87.17,1320
Colombia,South America,Washed / Wet,8.25,8.33,8.17,8.17,7.83,8.17,10,10,10,8.17,87.08,2112
Brazil,South America,Natural / Dry,8.5,8.5,8,8,8,8,10,10,10,7.92,86.92,1250
Uganda,Africa,Washed / Wet,8.42,8.17,8.17,8.17,7.83,7.92,10,10,10,8.17,86.83,1950
Taiwan,Asia,Pulped natural / honey,8,8,8,8.25,8,8.17,10,10,10,8.17,86.58,1200
Brazil,South America,Natural / Dry,8.5,8.17,8,7.75,8,8,10,10,10,8,86.42,1300
Costa Rica,Central America,Washed / Wet,8.17,7.83,8,8.08,7.83,8,10,10,10,8.42,86.33,1300
Ethiopia,Africa,Natural / Dry,8,8.08,7.92,8,8.08,8.08,10,10,10,8.08,86.25,1775
Kenya,Africa,Washed / Wet,8.08,8,8,8.25,7.92,7.92,10,10,10,8.08,86.25,1800
Colombia,South America,Washed / Wet,7.67,8.17,8,8,8.17,8.08,10,10,10,8.08,86.17,1941
Thailand,Asia,Washed / Wet,7.83,8.33,7.83,8.25,7.58,7.92,10,10,10,8.42,86.17,1300
Taiwan,Asia,Semi-washed / Semi-pulped,8.08,8.17,7.75,8.08,7.75,7.83,10,10,10,8.42,86.08,1000
Kenya,Africa,Natural / Dry,8.08,8.08,8,8,7.83,8.08,10,10,10,8,86.08,1754
Brazil,South America,Semi-washed / Semi-pulped,8.33,8,8,8,7.75,8,10,10,10,8,86.08,1250
Colombia,South America,Washed / Wet,7.75,7.92,7.83,8.08,8.08,8.17,10,10,10,8.17,86,1200
Kenya,Africa,Washed / Wet,7.92,8.17,7.83,8.5,7.5,7.92,10,10,10,8.17,86,1860
Uganda,Africa,Washed / Wet,8.25,8,7.83,8.08,8,7.92,10,10,10,7.92,86,1650
Uganda,Africa,Natural / Dry,8.17,8.17,7.92,8.08,7.83,7.75,10,10,10,8,85.92,1650
Colombia,South America,Washed / Wet,8,8,8,8.17,7.83,8,10,10,10,7.92,85.92,1800
Panama,Central America,Washed / Wet,8,8,7.92,8.08,7.83,8,10,10,10,8,85.83,1600
Ethiopia,Africa,Washed / Wet,7.83,8.08,7.92,8.08,8,7.92,10,10,10,8,85.83,1900
Guatemala,Central America,Washed / Wet,7.83,8,8,8.17,7.83,8,10,10,10,8,85.83,1524
Guatemala,Central America,Washed / Wet,8,8,7.83,8.33,7.83,7.83,10,10,10,8,85.83,1417.32
El Salvador,Central America,Washed / Wet,7.92,8.17,8,7.92,7.75,7.83,10,10,10,8,85.58,1500
El Salvador,Central America,Semi-washed / Semi-pulped,7.83,8,8,7.75,7.92,8.17,10,10,10,7.92,85.58,1350
Panama,Central America,Natural / Dry,8,7.75,7.83,7.83,7.67,8.58,10,10,10,7.83,85.5,1680
Kenya,Africa,Natural / Dry,7.92,7.92,7.83,8.08,7.83,7.92,10,10,10,8,85.5,1900
Ethiopia,Africa,Natural / Dry,7.83,8,7.83,7.92,7.83,8.08,10,10,10,8,85.5,1900
Uganda,Africa,Washed / Wet,8.33,7.92,7.67,7.92,7.67,7.92,10,10,10,8.08,85.5,1600
Guatemala,Central America,Washed / Wet,8,7.83,7.67,8.33,7.83,8,10,10,10,7.83,85.5,1731.264
Ethiopia,Africa,Washed / Wet,7.75,7.83,7.83,8.17,7.92,7.83,10,10,10,8.08,85.42,1900
Uganda,Africa,Washed / Wet,8.08,8,7.83,7.67,8,7.83,10,10,10,8,85.42,1950
Brazil,South America,Semi-washed / Semi-pulped,8,8,8,7.67,7.75,8,10,10,10,8,85.42,1250
China,Asia,Natural / Dry,8,8,8,7.83,7.83,7.75,10,10,10,7.92,85.33,1700
Guatemala,Central America,Natural / Dry,7.83,7.75,7.83,7.67,7.83,8.58,10,10,10,7.83,85.33,1770
Costa Rica,Central America,Washed / Wet,7.92,8.08,8,7.92,8,8.08,10,10,9.33,8,85.33,1300
Costa Rica,Central America,Washed / Wet,8,7.58,7.58,7.67,8.08,8.5,10,10,10,7.92,85.33,1300
Kenya,Africa,Washed / Wet,7.83,8.08,7.75,8.08,7.92,7.75,10,10,10,7.92,85.33,1600
Kenya,Africa,Washed / Wet,8,7.92,7.92,8.08,7.83,7.75,10,10,10,7.83,85.33,1200
Colombia,South America,Washed / Wet,8.17,7.92,7.83,8,7.58,7.83,10,10,10,7.92,85.25,1550
Colombia,South America,Natural / Dry,7.58,8.08,7.92,7.83,8,7.92,10,10,10,7.92,85.25,1550
Indonesia,Asia,Semi-washed / Semi-pulped,7.75,7.83,7.67,8,8.08,7.83,10,10,10,8,85.17,1325
Guatemala,Central America,Washed / Wet,8.25,8,7.67,7.92,7.75,7.67,10,10,10,7.92,85.17,1400
Colombia,South America,Natural / Dry,8.17,7.83,7.58,8.08,8,7.75,10,10,10,7.67,85.08,2560
Ethiopia,Africa,Natural / Dry,8.42,8,7.42,8,7.92,7.92,9.33,10,10,8.08,85.08,1700
Colombia,South America,Natural / Dry,7.83,8,7.75,7.75,7.83,7.83,10,10,10,8.08,85.08,2136
Uganda,Africa,Washed / Wet,8.17,7.92,7.75,7.75,7.67,7.75,10,10,10,8,85,1800
Costa Rica,Central America,Washed / Wet,7.83,8,7.58,7.92,7.92,7.83,10,10,10,7.92,85,1900
Mexico,Mexico,Washed / Wet,7.83,8,7.83,7.75,7.67,7.83,10,10,10,8.08,85,1300
Kenya,Africa,Washed / Wet,8.17,7.83,7.92,7.75,7.67,7.83,10,10,10,7.83,85,1
Kenya,Africa,Washed / Wet,7.75,7.83,7.75,8.08,8,7.75,10,10,10,7.83,85,1580
Brazil,South America,Natural / Dry,8,8,7.83,7.83,7.67,7.67,10,10,10,8,85,1100
Colombia,South America,Washed / Wet,7.92,7.83,7.75,7.83,7.75,8,10,10,10,7.83,84.92,1775
Taiwan,Asia,Semi-washed / Semi-pulped,7.67,7.83,8,7.58,8,7.92,10,10,10,7.92,84.92,800
"Tanzania, United Republic Of",Africa,Washed / Wet,8,7.83,7.83,7.92,7.75,7.75,10,10,10,7.83,84.92,1620
Colombia,South America,Washed / Wet,7.75,7.92,7.83,7.75,7.75,8,10,10,10,7.92,84.92,1775
Mexico,Mexico,Semi-washed / Semi-pulped,7.75,8,7.75,7.83,7.5,7.92,10,10,10,8.17,84.92,1200
Brazil,South America,Natural / Dry,8,7.92,7.75,7.75,8,7.75,10,10,10,7.75,84.92,1200
Brazil,South America,Natural / Dry,8,8,7.75,8,7.5,7.75,10,10,10,7.92,84.92,1000
Taiwan,Asia,Natural / Dry,7.92,7.58,7.83,7.83,7.83,7.83,10,10,10,8,84.83,350
Uganda,Africa,Natural / Dry,7.75,7.92,7.67,7.67,8.25,7.75,10,10,10,7.83,84.83,1650
Kenya,Africa,Washed / Wet,7.92,7.83,7.58,7.92,7.75,7.83,10,10,10,7.92,84.75,1800
Honduras,Central America,Washed / Wet,7.83,7.75,8,7.67,7.67,7.67,10,10,10,8.17,84.75,1450
El Salvador,Central America,Washed / Wet,7.83,7.83,7.5,8,7.83,7.67,10,10,10,8,84.67,1350
Indonesia,Asia,Washed / Wet,7.92,7.83,7.75,7.75,7.75,7.75,10,10,10,7.92,84.67,1200
Costa Rica,Central America,Washed / Wet,8.08,7.75,7.67,7.83,7.5,7.92,10,10,10,7.92,84.67,1150
Guatemala,Central America,Washed / Wet,7.75,7.83,7.58,8,7.92,7.75,10,10,10,7.83,84.67,1600
Costa Rica,Central America,Washed / Wet,8.17,8,7.83,7.17,7.83,7.75,10,10,10,7.92,84.67,1750
Ethiopia,Africa,Washed / Wet,8.08,7.83,7.75,7.83,7.58,7.67,10,10,10,7.92,84.67,1900
Costa Rica,Central America,Other,7.67,7.58,7.75,7.75,7.67,8.58,10,10,10,7.67,84.67,1750
Costa Rica,Central America,Washed / Wet,8,7.58,7.83,7.75,7.75,7.75,10,10,10,8,84.67,1200
Taiwan,Asia,Washed / Wet,8,7.92,7.75,7.75,7.75,7.75,10,10,10,7.75,84.67,1000
Colombia,South America,Washed / Wet,7.75,7.83,7.75,7.83,7.75,7.83,10,10,10,7.92,84.67,1550
Kenya,Africa,Washed / Wet,7.75,7.92,7.83,8,7.58,7.75,10,10,10,7.83,84.67,2000
Guatemala,Central America,Washed / Wet,8,7.83,7.67,7.83,7.67,8,10,10,10,7.67,84.67,1310.64
Guatemala,Central America,Washed / Wet,7.67,7.83,7.67,8,7.67,7.83,10,10,10,8,84.67,1524
Mexico,Mexico,Washed / Wet,7.83,7.58,7.67,7.92,7.92,7.83,10,10,10,7.92,84.67,1200
Uganda,Africa,Washed / Wet,7.92,7.83,7.75,7.92,7.67,7.75,10,10,10,7.83,84.67,1775
Kenya,Africa,Washed / Wet,7.92,7.75,7.83,7.75,7.58,7.92,10,10,10,7.83,84.58,1754
Colombia,South America,Washed / Wet,7.83,7.67,7.58,7.92,7.67,7.83,10,10,10,8.08,84.58,1500
Kenya,Africa,Washed / Wet,7.83,7.83,7.83,7.75,7.58,7.83,10,10,10,7.92,84.58,1800
Guatemala,Central America,Washed / Wet,7.75,7.83,7.67,7.92,7.75,7.83,10,10,10,7.83,84.58,1524
Guatemala,Central America,Washed / Wet,8,7.92,7.67,7.58,7.58,7.67,10,10,10,8.17,84.58,1219.2
Colombia,South America,Washed / Wet,7.67,7.67,7.58,7.75,7.58,8.5,10,10,10,7.83,84.58,1550
Colombia,South America,Washed / Wet,7.75,7.75,7.83,7.75,7.58,8,10,10,10,7.92,84.58,1750
Colombia,South America,Washed / Wet,7.67,7.83,7.83,8,7.58,7.92,10,10,10,7.75,84.58,1750
Costa Rica,Central America,Semi-washed / Semi-pulped,7.75,7.83,7.75,8,7.83,7.67,10,10,10,7.75,84.58,1575
Colombia,South America,Washed / Wet,7.42,7.67,7.75,7.75,8.08,7.83,10,10,10,8.08,84.58,1800
Brazil,South America,Semi-washed / Semi-pulped,8,8,7.75,7.75,7.58,7.75,10,10,10,7.75,84.58,1300
Brazil,South America,Semi-washed / Semi-pulped,8.5,8,7.5,7.75,7.5,7.83,10,10,10,7.5,84.58,1100
Costa Rica,Central America,Washed / Wet,7.92,7.67,7.92,7.75,7.67,7.58,10,10,10,8,84.5,1200
Uganda,Africa,Washed / Wet,7.92,7.75,7.67,7.75,7.83,7.75,10,10,10,7.83,84.5,1750
China,Asia,Washed / Wet,7.75,7.92,7.67,7.83,7.75,7.67,10,10,10,7.92,84.5,1680
Costa Rica,Central America,Washed / Wet,7.92,7.83,7.83,7.83,7.58,7.58,10,10,10,7.92,84.5,1700
Colombia,South America,Washed / Wet,8.08,7.67,7.83,7.83,7.67,7.67,10,10,10,7.75,84.5,1800
China,Asia,Washed / Wet,7.67,8,7.75,7.83,7.75,7.58,10,10,10,7.92,84.5,1100
Guatemala,Central America,Washed / Wet,8.17,7.83,7.67,7.83,7.67,7.83,10,10,10,7.5,84.5,1310.64
Kenya,Africa,Washed / Wet,7.92,7.83,7.67,8,7.67,7.75,10,10,10,7.67,84.5,2000
Mexico,Mexico,Washed / Wet,8,7.92,7.42,8.08,7.5,7.67,10,10,10,7.92,84.5,1350
Mexico,Mexico,Washed / Wet,7.92,7.83,7.75,7.75,7.75,7.83,10,10,10,7.67,84.5,1500
Costa Rica,Central America,Washed / Wet,7.58,7.83,7.83,8,7.67,7.58,10,10,10,7.92,84.42,1300
Indonesia,Asia,Other,7.67,7.67,7.83,7.58,7.83,7.83,10,10,10,8,84.42,1400
Colombia,South America,Washed / Wet,7.92,7.75,7.67,7.92,7.67,7.75,10,10,10,7.75,84.42,1775
Taiwan,Asia,Washed / Wet,7.83,7.83,7.75,8,7.5,7.75,10,10,10,7.75,84.42,1200
Mexico,Mexico,Washed / Wet,7.75,7.92,7.75,7.67,7.83,7.67,10,10,10,7.83,84.42,900
Kenya,Africa,Washed / Wet,7.33,7.58,7.83,7.75,7.75,7.92,10,10,10,8.17,84.33,1800
Honduras,Central America,Washed / Wet,7.58,7.92,7.58,7.75,7.92,7.75,10,10,10,7.83,84.33,1500
Colombia,South America,Natural / Dry,7.75,7.67,8,7.67,8.08,7.83,10,10,10,7.33,84.33,442
Colombia,South America,Washed / Wet,7.75,7.58,7.33,7.83,7.58,8.08,10,10,10,8.17,84.33,1800
Mexico,Mexico,Washed / Wet,8,7.75,7.75,7.83,7.5,7.67,10,10,10,7.83,84.33,1700
Taiwan,Asia,Washed / Wet,7.92,7.75,7.75,7.67,7.67,7.83,10,10,10,7.67,84.25,1000
Thailand,Asia,Natural / Dry,7.83,7.75,7.75,7.42,7.83,7.67,10,10,10,8,84.25,1200
Colombia,South America,Natural / Dry,7.83,7.58,7.75,7.58,7.67,8,10,10,10,7.83,84.25,2560
Guatemala,Central America,Washed / Wet,7.75,7.75,7.58,7.92,7.75,7.75,10,10,10,7.75,84.25,1500
Guatemala,Central America,Washed / Wet,7.75,7.92,7.5,8.08,7.58,7.67,10,10,10,7.75,84.25,1099.4136
China,Asia,Natural / Dry,7.83,7.83,7.58,7.75,7.75,7.75,10,10,10,7.75,84.25,1400
Colombia,South America,Washed / Wet,7.67,7.67,7.75,7.75,7.67,7.92,10,10,10,7.83,84.25,1775
Colombia,South America,Washed / Wet,7.83,7.67,7.75,7.58,7.92,7.75,10,10,10,7.75,84.25,1775
Colombia,South America,Washed / Wet,7.83,7.75,7.83,7.58,7.67,7.75,10,10,10,7.83,84.25,1800
Colombia,South America,Natural / Dry,7.42,7.67,7.83,7.75,7.92,7.83,10,10,10,7.83,84.25,442
"Tanzania, United Republic Of",Africa,Washed / Wet,7.83,7.67,7.75,7.83,7.67,7.67,10,10,10,7.83,84.25,1620
"Tanzania, United Republic Of",Africa,Washed / Wet,7.83,7.75,7.75,7.75,7.67,7.75,10,10,10,7.75,84.25,1600
Guatemala,Central America,Other,7.83,7.83,7.5,7.92,7.58,7.75,10,10,10,7.83,84.25,1219.2
Colombia,South America,Washed / Wet,7.58,7.5,7.75,7.83,7.92,7.83,10,10,10,7.83,84.25,1700
Mexico,Mexico,Semi-washed / Semi-pulped,7.83,7.92,7.67,7.83,7.5,7.75,10,10,10,7.75,84.25,1450
Mexico,Mexico,Washed / Wet,7.83,7.83,7.75,7.67,7.83,7.58,10,10,10,7.75,84.25,1170
Mexico,Mexico,Washed / Wet,7.83,7.92,7.67,7.75,7.5,7.75,10,10,10,7.83,84.25,1400
Uganda,Africa,Natural / Dry,8.17,7.75,7.58,7.67,7.83,7.58,10,10,10,7.67,84.25,1700
Guatemala,Central America,Washed / Wet,7.75,7.83,7.58,7.83,7.67,7.75,10,10,10,7.75,84.17,1700
Costa Rica,Central America,Washed / Wet,7.92,7.75,7.67,7.67,7.5,7.67,10,10,10,8,84.17,1700
Guatemala,Central America,Washed / Wet,7.75,7.75,7.58,8,7.67,7.83,10,10,10,7.58,84.17,1116.7872
Guatemala,Central America,Washed / Wet,7.75,7.92,7.58,7.92,7.67,7.67,10,10,10,7.67,84.17,1565
Guatemala,Central America,Washed / Wet,7.58,7.83,7.58,7.83,7.83,7.67,10,10,10,7.83,84.17,3280
Colombia,South America,Washed / Wet,8,7.5,7.5,7.67,8,7.83,10,10,10,7.67,84.17,1775
Nicaragua,Central America,Natural / Dry,7.67,7.83,7.83,7.5,7.67,7.83,10,10,10,7.83,84.17,1000
Brazil,South America,Natural / Dry,7.67,7.75,7.75,7.67,7.83,7.75,10,10,10,7.75,84.17,1150
Costa Rica,Central America,Washed / Wet,7.67,7.75,7.67,7.75,7.5,8,10,10,10,7.83,84.17,1850
Ethiopia,Africa,Natural / Dry,7.5,7.92,7.58,7.83,7.75,7.83,10,10,10,7.75,84.17,1606.5
"Tanzania, United Republic Of",Africa,Washed / Wet,7.92,7.75,7.75,7.75,7.75,7.58,10,10,10,7.67,84.17,1400
Colombia,South America,Washed / Wet,7.67,7.5,7.67,7.42,7.83,8.58,10,10,10,7.5,84.17,1530
Kenya,Africa,Washed / Wet,7.58,7.75,7.75,7.75,7.75,7.83,10,10,10,7.75,84.17,250.5
Brazil,South America,Natural / Dry,7.58,7.83,7.75,7.67,7.67,8,10,10,10,7.67,84.17,1038.5
Guatemala,Central America,Washed / Wet,7.92,7.75,7.67,7.67,7.83,7.92,10,10,10,7.42,84.17,1310.64
El Salvador,Central America,Natural / Dry,8.42,8.08,7.5,7.17,7.58,8.17,9.33,10,10,7.92,84.17,1500
Colombia,South America,Washed / Wet,7.75,7.75,7.75,7.75,7.83,7.75,10,10,10,7.58,84.17,1750
Uganda,Africa,Washed / Wet,7.83,7.75,7.5,7.83,7.83,7.75,10,10,10,7.67,84.17,1600
Colombia,South America,Washed / Wet,7.83,7.5,7.42,7.5,7.83,8.5,10,10,10,7.5,84.08,442
Taiwan,Asia,Washed / Wet,7.58,7.67,7.67,7.67,7.75,7.83,10,10,10,7.92,84.08,968
Colombia,South America,Washed / Wet,7.92,7.75,7.67,7.75,7.67,7.67,10,10,10,7.67,84.08,1775
Guatemala,Central America,Washed / Wet,7.58,7.75,7.67,8,7.75,7.67,10,10,10,7.67,84.08,1550
Mexico,Mexico,Washed / Wet,7.67,7.75,7.67,7.75,7.67,7.75,10,10,10,7.83,84.08,1480
Ethiopia,Africa,Natural / Dry,7.92,7.92,7.83,8,7.92,7.92,10,10,8.67,7.92,84.08,1800
Ethiopia,Africa,Natural / Dry,7.83,7.75,7.67,7.75,7.33,7.75,10,10,10,7.92,84,1800
Honduras,Central America,Washed / Wet,7.42,7.83,7.75,7.92,7.75,7.58,10,10,10,7.75,84,1500
Guatemala,Central America,Washed / Wet,7.67,7.83,7.58,7.92,7.75,7.67,10,10,10,7.58,84,1706.88
Colombia,South America,Washed / Wet,7.67,7.67,7.83,7.58,7.58,7.83,10,10,10,7.83,84,1600
Guatemala,Central America,Natural / Dry,7.92,7.67,7.42,7.92,7.75,7.83,10,10,10,7.5,84,1219.2
Guatemala,Central America,Other,7.75,7.83,7.5,7.83,7.58,7.67,10,10,10,7.83,84,1219.2
Colombia,South America,Washed / Wet,7.67,7.75,7.67,7.67,7.67,7.75,10,10,10,7.83,84,1480
Colombia,South America,Natural / Dry,7.58,7.42,7.75,7.92,7.75,7.92,10,10,10,7.67,84,1450
Colombia,South America,Washed / Wet,7.67,7.67,7.5,7.5,7.67,7.67,10,10,10,8.33,84,1775
Ethiopia,Africa,Natural / Dry,7.75,7.75,7.5,7.58,7.67,7.92,10,10,10,7.83,84,1550
Brazil,South America,Natural / Dry,7.58,7.83,7.67,7.25,8,7.75,10,10,10,7.92,84,1260
Colombia,South America,Washed / Wet,7.67,7.83,7.67,7.75,7.67,7.75,10,10,10,7.67,84,1700
Kenya,Africa,Washed / Wet,7.67,7.83,7.5,7.75,7.92,7.67,10,10,10,7.67,84,1200
Kenya,Africa,Washed / Wet,7.67,7.75,7.67,7.75,7.83,7.67,10,10,10,7.67,84,1650
Uganda,Africa,Washed / Wet,7.92,7.75,7.58,7.67,7.67,7.83,10,10,10,7.58,84,1700
Brazil,South America,Natural / Dry,7.5,7.75,7.58,7.5,7.58,7.5,10,10,10,8.5,83.92,890
Mexico,Mexico,Washed / Wet,7.83,7.83,7.58,7.92,7.42,7.5,10,10,10,7.83,83.92,1300
Thailand,Asia,Natural / Dry,7.67,7.75,7.5,7.67,7.67,7.83,10,10,10,7.83,83.92,1350
Brazil,South America,Natural / Dry,7.58,7.67,7.67,7.75,7.58,7.83,10,10,10,7.83,83.92,934
Taiwan,Asia,Washed / Wet,7.83,7.75,7.83,7.75,7.83,7.75,9.33,10,10,7.83,83.92,1200
Colombia,South America,Washed / Wet,7.75,7.58,7.67,7.83,7.83,7.67,10,10,10,7.58,83.92,1775
Taiwan,Asia,Washed / Wet,8,7.92,7.92,7.92,7.67,7.33,10,10,10,7.17,83.92,950
Colombia,South America,Natural / Dry,7.67,7.83,7.67,7.75,7.67,7.83,10,10,10,7.5,83.92,1550
Mexico,Mexico,Washed / Wet,7.67,7.75,7.58,7.67,7.75,7.83,10,10,10,7.67,83.92,900
Mexico,Mexico,Washed / Wet,7.5,7.67,7.58,7.83,7.75,7.75,10,10,10,7.83,83.92,1500
Mexico,Mexico,Washed / Wet,7.75,7.92,7.83,7.92,7.75,7.67,9.33,10,10,7.75,83.92,1400
Colombia,South America,Washed / Wet,7.92,7.58,7.5,7.83,7.58,7.67,10,10,10,7.75,83.83,2527
Costa Rica,Central America,Washed / Wet,7.67,7.67,7.75,7.67,7.5,7.75,10,10,10,7.83,83.83,1850
Guatemala,Central America,Washed / Wet,7.75,7.75,7.5,7.75,7.83,7.58,10,10,10,7.67,83.83,1500
Brazil,South America,Natural / Dry,7.25,7.58,7.42,8,7.75,7.83,10,10,10,8,83.83,1
Taiwan,Asia,Washed / Wet,7.67,7.75,7.67,7.75,7.42,7.75,10,10,10,7.83,83.83,525
Ethiopia,Africa,Natural / Dry,7.75,7.75,7.67,7.67,7.58,7.67,10,10,10,7.75,83.83,1676.5
Brazil,South America,Semi-washed / Semi-pulped,7.67,7.67,7.58,7.5,7.83,8.17,10,10,9.33,8.08,83.83,1200
Costa Rica,Central America,Washed / Wet,7.83,7.42,7.5,7.83,7.75,7.83,10,10,10,7.67,83.83,1300
Guatemala,Central America,Washed / Wet,7.58,7.83,7.33,8,7.58,7.75,10,10,10,7.75,83.83,1219.2
Brazil,South America,Natural / Dry,7.92,7.5,7.33,7.67,8.17,7.5,10,10,10,7.75,83.83,1260
Colombia,South America,Washed / Wet,7.67,7.58,7.58,7.83,7.58,7.67,10,10,10,7.92,83.83,1750
Guatemala,Central America,Washed / Wet,7.5,7.83,7.5,7.83,7.83,7.67,10,10,10,7.67,83.83,1310.64
Mexico,Mexico,Natural / Dry,7.67,8,7.67,7.42,7.67,7.5,10,10,10,7.92,83.83,1218
Mexico,Mexico,Natural / Dry,7.67,7.58,7.5,7.75,7.75,7.75,10,10,10,7.83,83.83,1300
Brazil,South America,Semi-washed / Semi-pulped,7.83,7.83,7.58,7.67,7.5,7.58,10,10,10,7.83,83.83,1250
Kenya,Africa,Washed / Wet,7.75,7.58,7.5,7.58,7.75,7.75,10,10,10,7.83,83.75,1800
Brazil,South America,Natural / Dry,7.67,7.67,7.58,7.75,7.67,7.67,10,10,10,7.75,83.75,890
Colombia,South America,Washed / Wet,7.83,7.83,7.58,7.58,7.58,7.58,10,10,10,7.75,83.75,442
Taiwan,Asia,Natural / Dry,7.67,7.67,7.58,7.58,7.67,7.83,10,10,10,7.75,83.75,750
China,Asia,Washed / Wet,7.83,7.75,7.67,7.5,7.58,7.67,10,10,10,7.75,83.75,1650
Colombia,South America,Natural / Dry,7.75,7.67,7.5,7.67,7.58,7.83,10,10,10,7.75,83.75,442
Uganda,Africa,Natural / Dry,8,7.92,7.58,7.75,7.33,7.5,10,10,10,7.67,83.75,1400
United States (Puerto Rico),Central America,Washed / Wet,7.83,7.83,7.83,7.67,8,8.17,9.33,9.33,10,7.75,83.75,853.44
Colombia,South America,Washed / Wet,7.67,7.67,7.67,7.92,7.5,7.67,10,10,10,7.67,83.75,1775
Colombia,South America,Washed / Wet,7.67,7.42,7.42,7.42,8,8.33,10,10,10,7.5,83.75,1550
Colombia,South America,Washed / Wet,7.58,7.67,7.75,7.67,7.67,7.67,10,10,10,7.75,83.75,1750
Colombia,South America,Washed / Wet,7.75,7.67,7.75,7.58,7.42,8,10,10,10,7.58,83.75,1750
Mexico,Mexico,Natural / Dry,7.83,7.58,7.58,7.5,7.75,7.67,10,10,10,7.83,83.75,700
Guatemala,Central America,Washed / Wet,7.67,7.58,7.58,7.67,7.75,7.75,10,10,10,7.75,83.75,1300
Brazil,South America,Natural / Dry,7.67,7.83,7.5,7.67,7.67,7.5,10,10,10,7.83,83.67,890
Kenya,Africa,Washed / Wet,8.08,7.67,7.67,7.58,7.25,7.67,10,10,10,7.75,83.67,1700
Honduras,Central America,Washed / Wet,7.5,7.5,7.67,7.67,8,8,10,10,10,7.33,83.67,1400
Nicaragua,Central America,Washed / Wet,7.67,7.75,7.67,7.67,7.83,7.58,10,10,10,7.5,83.67,1250
Brazil,South America,Natural / Dry,7.58,7.75,7.58,7.75,7.58,7.58,10,10,10,7.83,83.67,934
Taiwan,Asia,Natural / Dry,7.5,7.67,7.33,7.92,7.83,7.67,10,10,10,7.75,83.67,1200
Thailand,Asia,Washed / Wet,7.5,7.75,7.58,7.83,7.67,7.58,10,10,10,7.75,83.67,800
Colombia,South America,Washed / Wet,7.5,7.75,7.5,7.75,7.67,7.67,10,10,10,7.83,83.67,1625
Guatemala,Central America,Washed / Wet,8,7.5,7.33,8,8,8,9.33,10,10,7.5,83.67,1356.6648
Colombia,South America,Washed / Wet,7.83,7.75,7.67,7.58,7.58,7.67,10,10,10,7.58,83.67,1750
Colombia,South America,Washed / Wet,7.67,7.67,7.67,7.67,7.33,7.75,10,10,10,7.92,83.67,1900
Guatemala,Central America,Washed / Wet,7.67,7.67,7.42,7.67,8,7.75,10,10,10,7.5,83.67,1310.64
Guatemala,Central America,Washed / Wet,7.83,7.67,7.33,7.67,7.67,7.83,10,10,10,7.67,83.67,1310.64
Colombia,South America,Washed / Wet,7.75,7.75,7.58,7.83,7.17,7.75,10,10,10,7.83,83.67,1750
Guatemala,Central America,Natural / Dry,8.17,8.17,7.83,7.67,8.08,7.75,9.33,9.33,9.33,8,83.67,1450
Guatemala,Central America,Washed / Wet,7.67,8.17,7.5,7.42,7.58,7.83,10,10,10,7.5,83.67,1310.64
Mexico,Mexico,Washed / Wet,7.67,7.5,7.5,7.33,7.83,8.25,10,10,10,7.58,83.67,1100
Indonesia,Asia,Washed / Wet,8.17,7.67,7.58,7.58,7.42,7.67,10,10,10,7.58,83.67,1400
Guatemala,Central America,Washed / Wet,7.67,7.5,7.33,8,7.67,7.67,10,10,10,7.83,83.67,1524
Brazil,South America,Natural / Dry,7.58,7.67,7.58,7.58,7.67,7.58,10,10,10,7.92,83.58,890
Guatemala,Central America,Washed / Wet,7.75,7.75,7.5,7.83,7.58,7.58,10,10,10,7.58,83.58,1128.3696
China,Asia,Washed / Wet,7.67,7.58,7.58,7.58,7.67,7.75,10,10,10,7.75,83.58,1100
Colombia,South America,Washed / Wet,7.67,7.75,7.58,7.67,7.75,7.58,10,10,10,7.58,83.58,1775
Mexico,Mexico,Washed / Wet,7.75,7.75,7.58,7.58,7.5,7.67,10,10,10,7.75,83.58,1200
Ethiopia,Africa,Washed / Wet,7.75,7.67,7.58,7.67,7.5,7.67,10,10,10,7.75,83.58,1850
Uganda,Africa,Washed / Wet,7.67,7.67,7.42,7.75,7.75,7.67,10,10,10,7.67,83.58,1800
Colombia,South America,Natural / Dry,7.67,7.58,7.67,7.67,7.67,7.67,10,10,10,7.67,83.58,1600
Colombia,South America,Washed / Wet,7.67,7.58,7.67,7.58,7.67,7.75,10,10,10,7.67,83.58,1550
Colombia,South America,Washed / Wet,7.75,7.58,7.5,7.58,7.75,7.83,10,10,10,7.58,83.58,1550
Taiwan,Asia,Other,7.75,7.75,7.75,7.75,7.5,7.58,10,10,10,7.5,83.58,1000
Colombia,South America,Washed / Wet,7.67,7.67,7.58,7.67,7.75,7.58,10,10,10,7.67,83.58,1775
Mexico,Mexico,Washed / Wet,7.83,7.67,7.58,7.58,7.67,7.58,10,10,10,7.67,83.58,1000
Colombia,South America,Natural / Dry,7.67,7.58,7.58,7.58,7.67,7.75,10,10,10,7.75,83.58,2136
Brazil,South America,Semi-washed / Semi-pulped,7.83,7.75,7.5,7.75,7.5,7.58,10,10,10,7.67,83.58,1100
Colombia,South America,Washed / Wet,7.75,7.58,7.58,7.75,7.75,7.5,10,10,10,7.58,83.5,1799
Costa Rica,Central America,Washed / Wet,7.92,7.42,7.5,7.67,7.5,7.67,10,10,10,7.83,83.5,1850
Colombia,South America,Natural / Dry,7.75,7.58,7.58,7.5,7.75,7.75,10,10,10,7.58,83.5,1000
Guatemala,Central America,Washed / Wet,7.67,7.75,7.5,7.83,7.58,7.58,10,10,10,7.58,83.5,1219.2
Colombia,South America,Washed / Wet,7.58,7.58,7.58,7.58,7.75,7.67,10,10,10,7.75,83.5,1775
"Tanzania, United Republic Of",Africa,Washed / Wet,7.75,7.67,7.58,7.67,7.67,7.58,10,10,10,7.58,83.5,1400
Indonesia,Asia,Semi-washed / Semi-pulped,7.25,7.67,7.58,7.92,7.83,7.58,10,10,10,7.67,83.5,1500
Ethiopia,Africa,Natural / Dry,7.67,7.75,7.5,7.58,7.75,7.67,10,10,10,7.58,83.5,1600
Colombia,South America,Washed / Wet,8,7.58,7.25,7.58,7.92,7.58,10,10,10,7.58,83.5,1850
Guatemala,Central America,Washed / Wet,7.58,7.75,7.5,7.83,7.42,7.67,10,10,10,7.75,83.5,1400
Colombia,South America,Washed / Wet,7.75,7.58,7.33,7.5,7.83,7.83,10,10,10,7.67,83.5,1650
Honduras,Central America,Natural / Dry,7.67,7.5,7.67,7.5,7.67,7.67,10,10,10,7.83,83.5,1350
Colombia,South America,Washed / Wet,7.58,7.75,7.42,7.67,7.75,7.67,10,10,10,7.67,83.5,1750
Colombia,South America,Washed / Wet,7.58,7.67,7.58,7.75,7.58,7.75,10,10,10,7.58,83.5,1750
Mexico,Mexico,Natural / Dry,7.83,7.58,7.25,7.5,7.5,7.42,10,10,10,8.42,83.5,1170
Mexico,Mexico,Semi-washed / Semi-pulped,7.67,7.75,7.67,7.75,7.58,7.5,10,10,10,7.58,83.5,940
Mexico,Mexico,Washed / Wet,7.75,7.67,7.67,7.75,7.33,7.5,10,10,10,7.83,83.5,1400
Guatemala,Central America,Washed / Wet,7.83,7.5,7.5,8,7.67,7.5,10,10,10,7.5,83.5,1524
Colombia,South America,Washed / Wet,7.67,7.58,7.58,7.67,7.67,7.67,10,10,10,7.67,83.5,1775
Guatemala,Central America,Washed / Wet,7.5,7.5,7.75,7.5,8,7.67,10,10,10,7.58,83.5,1402.08
Colombia,South America,Washed / Wet,7.5,7.58,7.58,7.5,7.75,7.83,10,10,10,7.67,83.42,439
Guatemala,Central America,Washed / Wet,7.67,7.75,7.5,7.58,7.58,7.67,10,10,10,7.67,83.42,1700
Colombia,South America,Washed / Wet,7.67,7.67,7.5,7.67,7.67,7.58,10,10,10,7.67,83.42,442
Costa Rica,Central America,Washed / Wet,7.58,7.5,7.42,7.92,7.5,7.67,10,10,10,7.83,83.42,1850
Uganda,Africa,Washed / Wet,7.58,7.75,7.33,7.75,7.67,7.58,10,10,10,7.75,83.42,1800
Thailand,Asia,Washed / Wet,7.5,7.58,7.75,7.5,7.75,7.67,10,10,10,7.67,83.42,1200
El Salvador,Central America,Washed / Wet,7.58,7.5,7.75,7.58,7.75,7.67,10,10,10,7.58,83.42,1330
Colombia,South America,Natural / Dry,7.58,7.67,7.58,7.67,7.58,7.67,10,10,10,7.67,83.42,442
"Tanzania, United Republic Of",Africa,Washed / Wet,7.75,7.67,7.58,7.67,7.58,7.58,10,10,10,7.58,83.42,1600
Colombia,South America,Washed / Wet,7.58,7.58,7.25,7.75,7.75,8.58,9.33,10,10,7.58,83.42,1813
Guatemala,Central America,Natural / Dry,7.75,7.83,7.33,7.83,7.5,7.67,10,10,10,7.5,83.42,1219.2
Guatemala,Central America,Washed / Wet,7.67,7.75,7.5,7.83,7.58,7.5,10,10,10,7.58,83.42,1500
Guatemala,Central America,Washed / Wet,7.67,7.5,7.75,7.42,7.75,7.75,10,10,10,7.58,83.42,1310.64
Colombia,South America,Washed / Wet,7.5,7.75,7.58,7.5,7.67,7.75,10,10,10,7.67,83.42,1450
Colombia,South America,Washed / Wet,7.75,7.5,7.75,7.58,7.58,7.58,10,10,10,7.58,83.33,1650
Brazil,South America,Semi-washed / Semi-pulped,7.5,7.83,7.33,7.58,7.58,7.92,10,10,10,7.58,83.33,1227
Mexico,Mexico,Washed / Wet,7.75,7.75,7.5,7.67,7.5,7.58,10,10,10,7.58,83.33,1200
Colombia,South America,Washed / Wet,7.67,7.75,7.42,7.83,7.83,7.42,10,10,10,7.42,83.33,1650
"Tanzania, United Republic Of",Africa,Semi-washed / Semi-pulped,7.75,7.58,7.67,7.58,7.58,7.58,10,10,10,7.58,83.33,1700
Mexico,Mexico,Washed / Wet,7.67,7.67,7.58,7.67,7.5,7.58,10,10,10,7.67,83.33,1100
Costa Rica,Central America,Washed / Wet,7.67,7.67,7.42,7.67,7.67,7.67,10,10,10,7.58,83.33,1300
Costa Rica,Central America,Washed / Wet,7.5,7.67,7.67,7.5,7.83,7.17,10,10,10,8,83.33,1200
Haiti,Central America,Washed / Wet,7.58,7.5,7.67,7.5,7.83,7.42,10,10,10,7.83,83.33,1280.16
Colombia,South America,Natural / Dry,7.67,7.67,7.5,7.67,7.92,7.42,10,10,10,7.5,83.33,1000
Guatemala,Central America,Washed / Wet,7.83,7.67,7.17,7.67,7.67,7.67,10,10,10,7.67,83.33,1310.64
Colombia,South America,Washed / Wet,7.5,7.67,7.67,7.58,7.67,7.58,10,10,10,7.67,83.33,1750
Mexico,Mexico,Washed / Wet,7.67,7.83,7.42,7.83,7.33,7.5,10,10,10,7.67,83.25,1600
Costa Rica,Central America,Pulped natural / honey,7.5,7.5,7.83,7.5,7.67,7.67,10,10,10,7.58,83.25,1900
Guatemala,Central America,Washed / Wet,7.5,7.58,7.42,7.83,7.67,7.58,10,10,10,7.67,83.25,2100
Colombia,South America,Natural / Dry,7.58,7.67,7.67,7.17,7.75,7.83,10,10,10,7.58,83.25,442
Mexico,Mexico,Natural / Dry,7.83,7.75,7.5,7.58,7.58,7.58,10,10,10,7.42,83.25,1261
Taiwan,Asia,Washed / Wet,7.67,7.5,7.5,7.5,7.67,7.83,10,10,10,7.58,83.25,1000
Taiwan,Asia,Washed / Wet,7.92,7.83,7.75,7.58,7.5,7.33,10,10,10,7.33,83.25,800
Colombia,South America,Natural / Dry,7.58,7.58,7.5,7.58,7.58,7.75,10,10,10,7.67,83.25,1483
Guatemala,Central America,Washed / Wet,7.5,7.67,7.58,7.67,7.67,7.5,10,10,10,7.67,83.25,1500
Colombia,South America,Washed / Wet,7.83,7.5,7.67,7.33,7.67,7.67,10,10,10,7.58,83.25,1750
Mexico,Mexico,Washed / Wet,7.58,7.75,7.5,7.5,7.58,7.58,10,10,10,7.75,83.25,1300
Mexico,Mexico,Washed / Wet,7.75,7.75,7.42,7.92,7.33,7.5,10,10,10,7.58,83.25,1000
Guatemala,Central America,Washed / Wet,7.83,7.58,7.08,7.83,7.42,8.08,10,10,10,7.42,83.25,1310.64
Brazil,South America,Semi-washed / Semi-pulped,7.75,7.67,7.5,7.58,7.58,7.58,10,10,10,7.58,83.25,1200
Colombia,South America,Washed / Wet,7.67,7.58,7.58,7.42,7.83,7.58,10,10,10,7.58,83.25,175
Colombia,South America,Washed / Wet,7.67,7.67,7.5,7.5,7.58,7.67,10,10,10,7.67,83.25,1775
Brazil,South America,Natural / Dry,7.67,7.42,7.5,7.58,7.67,7.58,10,10,10,7.75,83.17,890
Guatemala,Central America,Washed / Wet,7.58,7.58,7.33,7.67,7.75,7.58,10,10,10,7.67,83.17,1901
"Tanzania, United Republic Of",Africa,Washed / Wet,7.67,7.58,7.42,7.67,7.67,7.58,10,10,10,7.58,83.17,168
Vietnam,Asia,Natural / Dry,7.58,7.42,7.08,7.33,7.58,8.58,10,10,10,7.58,83.17,1550
Guatemala,Central America,Washed / Wet,7.67,7.75,7.42,7.75,7.58,7.5,10,10,10,7.5,83.17,1500
Honduras,Central America,Washed / Wet,7.67,7.67,7.5,7.67,7.5,7.67,10,10,10,7.5,83.17,1450
China,Asia,Washed / Wet,7.5,7.67,7.33,7.67,7.67,7.67,10,10,10,7.67,83.17,1200
China,Asia,Washed / Wet,7.67,7.67,7.5,7.67,7.42,7.58,10,10,10,7.67,83.17,1600
El Salvador,Central America,Washed / Wet,7.5,7.5,7.33,7.67,8,7.67,10,10,10,7.5,83.17,1350
Guatemala,Central America,Washed / Wet,7.5,7.75,7.5,7.83,7.58,7.5,10,10,10,7.5,83.17,1500
Guatemala,Central America,Washed / Wet,7.92,7.67,7.42,7.75,7.5,7.5,10,10,10,7.42,83.17,1650
Kenya,Africa,Washed / Wet,7.83,7.75,7.67,7.75,7.83,8.5,9.33,9.33,9.33,7.83,83.17,250.5
Thailand,Asia,Washed / Wet,7.67,7.58,7.58,7.75,7.42,7.67,10,10,10,7.5,83.17,800
"Tanzania, United Republic Of",Africa,Washed / Wet,7.58,7.67,7.67,7.58,7.42,7.58,10,10,10,7.67,83.17,1653
Colombia,South America,Washed / Wet,7.58,7.5,7.5,7.67,7.5,7.67,10,10,10,7.75,83.17,1775
Uganda,Africa,Washed / Wet,8,7.67,7.5,7.42,7.33,7.58,10,10,10,7.67,83.17,1800
Honduras,Central America,Natural / Dry,7.5,7.5,7.5,7.67,7.67,7.67,10,10,10,7.67,83.17,1450
Honduras,Central America,Natural / Dry,7.67,7.67,7.5,7.67,7.5,7.67,10,10,10,7.5,83.17,1350
Guatemala,Central America,Washed / Wet,7.33,7.83,7.17,8.17,7.33,7.67,10,10,10,7.67,83.17,1524
"Tanzania, United Republic Of",Africa,Washed / Wet,7.58,7.5,7.58,7.75,7.58,7.58,10,10,10,7.58,83.17,1800
Guatemala,Central America,Washed / Wet,7.67,7.83,7.33,7.67,7.5,7.67,10,10,10,7.5,83.17,1310.64
Mexico,Mexico,Washed / Wet,7.75,7.58,7.58,7.58,7.5,7.42,10,10,10,7.75,83.17,1500
Mexico,Mexico,Washed / Wet,7.75,7.67,7.58,7.5,7.42,7.58,10,10,10,7.67,83.17,532
Mexico,Mexico,Washed / Wet,7.58,7.75,7.42,7.67,7.5,7.58,10,10,10,7.67,83.17,1089
Colombia,South America,Washed / Wet,7.67,7.5,7.5,7.5,7.58,8.17,10,10,10,7.25,83.17,1775
Mexico,Mexico,Washed / Wet,7.75,7.5,7.42,7.75,7.58,7.58,10,10,10,7.58,83.17,700
Colombia,South America,Washed / Wet,7.58,7.67,7.5,7.58,7.67,7.67,10,10,10,7.5,83.17,1750
Mexico,Mexico,Washed / Wet,7.5,7.75,7.58,7.58,7.67,7.5,10,10,10,7.58,83.17,1380
Brazil,South America,Natural / Dry,7.75,7.67,7.58,7.5,7.58,7.58,10,10,10,7.5,83.17,1000
Brazil,South America,Natural / Dry,7.92,7.58,7.5,7.58,7.42,7.5,10,10,10,7.67,83.17,950
Guatemala,Central America,Washed / Wet,7.75,7.5,7.67,7.5,7.92,8,10,10,9.33,7.5,83.17,1402.08
Brazil,South America,Semi-washed / Semi-pulped,7.75,7.5,7.58,7.5,7.75,7.5,10,10,10,7.58,83.17,1000
Colombia,South America,Washed / Wet,7.58,7.67,7.33,7.67,7.75,7.58,10,10,10,7.5,83.08,1799
Brazil,South America,Pulped natural / honey,7.58,7.58,7.58,7.5,7.67,7.58,10,10,10,7.58,83.08,905
Brazil,South America,Natural / Dry,7.33,7.67,7.67,7.33,7.75,7.42,10,10,10,7.92,83.08,1
Taiwan,Asia,Natural / Dry,7.83,7.92,7.5,7.83,7.67,7.25,9.33,10,10,7.75,83.08,750
Brazil,South America,Washed / Wet,7.58,7.83,7.67,7.42,7.42,7.5,10,10,10,7.67,83.08,1200
Costa Rica,Central America,Washed / Wet,7.83,7.33,7.5,7.67,7.58,7.67,10,10,10,7.5,83.08,1300
Taiwan,Asia,Other,7.75,7.75,7.5,7.5,7.5,7.5,10,10,10,7.58,83.08,1300
Mexico,Mexico,Washed / Wet,7.75,7.67,7.42,7.75,7.5,7.5,10,10,10,7.5,83.08,1400
Brazil,South America,Natural / Dry,7.58,7.5,7.5,7.75,7.67,7.5,10,10,10,7.5,83,890
Brazil,South America,Natural / Dry,7.5,7.58,7.58,7.67,7.58,7.5,10,10,10,7.58,83,894
Brazil,South America,Natural / Dry,7.5,7.67,7.58,7.67,7.58,7.42,10,10,10,7.58,83,872
Uganda,Africa,Washed / Wet,7.67,7.58,7.42,7.42,7.83,7.5,10,10,10,7.58,83,1473
Uganda,Africa,Natural / Dry,7.67,7.67,7.5,7.58,7.42,7.5,10,10,10,7.67,83,1645
Vietnam,Asia,Other,7.75,7.67,7.58,7.58,7.42,7.67,9.33,10,10,8,83,1550
Guatemala,Central America,Washed / Wet,7.67,7.75,7.33,7.92,7.42,7.5,10,10,10,7.42,83,1550
Guatemala,Central America,Washed / Wet,7.75,7.67,7.33,7.75,7.5,7.42,10,10,10,7.58,83,1371.6
Guatemala,Central America,Washed / Wet,7.83,7.67,7.25,7.67,7.75,7.5,10,10,10,7.33,83,1500
Brazil,South America,Natural / Dry,7.67,7.67,7.67,7.5,7.42,7.5,10,10,10,7.58,83,1000
Taiwan,Asia,Washed / Wet,7.92,7.92,7.83,7.58,7.33,7.25,10,10,10,7.17,83,1200
Uganda,Africa,Washed / Wet,7.83,7.58,7.5,7.5,7.58,7.5,10,10,10,7.5,83,1800
United States (Puerto Rico),Central America,Washed / Wet,7.67,7.5,7.67,7.83,7.75,7.83,10,10,9.33,7.42,83,853.44
Guatemala,Central America,Washed / Wet,7.67,7.67,7.42,7.83,7.5,7.5,10,10,10,7.42,83,1500
Costa Rica,Central America,Washed / Wet,7.67,7.58,7.5,7.58,7.5,7.5,10,10,10,7.67,83,1200
Brazil,South America,Semi-washed / Semi-pulped,7.75,7.58,7.42,7.67,7.42,7.67,10,10,10,7.5,83,1250
Colombia,South America,Washed / Wet,7.75,7.42,7.33,7.5,7.58,7.17,10,10,10,8.25,83,1775
Colombia,South America,Washed / Wet,7.83,7.5,7.58,7.33,7.5,7.67,10,10,10,7.58,83,1750
Colombia,South America,Natural / Dry,7.33,7.67,7.75,7.42,7.75,7.58,10,10,10,7.5,83,1000
Colombia,South America,Natural / Dry,7.58,7.75,7.42,7.67,7.58,7.42,10,10,10,7.58,83,1000
Colombia,South America,Washed / Wet,7.5,7.5,7.42,7.58,7.75,7.58,10,10,10,7.67,83,1775
Mexico,Mexico,Washed / Wet,7.67,7.58,7.42,7.5,7.67,7.58,10,10,10,7.58,83,750
Mexico,Mexico,Semi-washed / Semi-pulped,7.67,7.83,7.5,7.58,7.58,7.67,9.33,10,10,7.83,83,1200
Mexico,Mexico,Washed / Wet,7.5,7.67,7.5,7.5,7.58,7.58,10,10,10,7.67,83,1200
Colombia,South America,Washed / Wet,7.75,7.58,7.5,7.67,7.83,7.75,9.33,10,10,7.58,83,1625
Colombia,South America,Washed / Wet,7.67,7.58,7.58,7.58,7.67,7.42,10,10,10,7.5,83,1750
Guatemala,Central America,Washed / Wet,7.5,7.67,7.5,7.67,7.5,7.83,10,10,10,7.33,83,1371.6
Colombia,South America,Washed / Wet,7.67,7.67,7.58,7.5,7.67,7.42,10,10,10,7.5,83,1775
Brazil,South America,Natural / Dry,7.67,7.58,7.5,7.58,7.58,7.5,10,10,10,7.5,82.92,890
El Salvador,Central America,Washed / Wet,7.5,7.5,7.75,7.58,7.92,7.83,10,10,9.33,7.5,82.92,1350
Colombia,South America,Washed / Wet,7.58,7.67,7.5,7.33,7.67,7.58,10,10,10,7.58,82.92,1500
Taiwan,Asia,Natural / Dry,7.17,7.83,7.25,7.67,7.67,7.58,10,10,10,7.75,82.92,350
Ethiopia,Africa,Washed / Wet,7.58,7.58,7.5,7.5,7.58,7.58,10,10,10,7.58,82.92,2000
Taiwan,Asia,Natural / Dry,7.5,7.58,7.67,7.33,7.5,7.75,10,10,10,7.58,82.92,775
Philippines,Asia,Washed / Wet,7.58,7.58,7.67,7.58,7.5,7.5,10,10,10,7.5,82.92,1200
Philippines,Asia,Washed / Wet,8.08,7.5,7.67,7.42,7.33,7.5,10,10,10,7.42,82.92,1600
Mexico,Mexico,Natural / Dry,7.83,7.67,7.25,7.58,7.5,7.5,10,10,10,7.58,82.92,1059
Mexico,Mexico,Washed / Wet,7.75,7.67,7.42,7.42,7.75,7.5,10,10,10,7.42,82.92,1300
Brazil,South America,Semi-washed / Semi-pulped,7.08,7.5,7.5,7.83,7.75,7.67,10,10,10,7.58,82.92,1100
Uganda,Africa,Washed / Wet,8,7.5,7.5,7.58,7.33,7.42,10,10,10,7.58,82.92,1650
Uganda,Africa,Washed / Wet,7.75,7.58,7.58,7.5,7.5,7.5,10,10,10,7.5,82.92,1400
Guatemala,Central America,Washed / Wet,7.75,7.5,7.42,7.58,7.67,7.5,10,10,10,7.5,82.92,1500
Guatemala,Central America,Natural / Dry,7.67,7.83,7.42,7.5,7.33,7.5,10,10,10,7.67,82.92,1500
Colombia,South America,Washed / Wet,7.58,7.5,7.75,7.33,7.58,7.58,10,10,10,7.58,82.92,1900
Colombia,South America,Natural / Dry,7.75,7.5,7.25,7.5,7.75,7.5,10,10,10,7.67,82.92,1750
Guatemala,Central America,Washed / Wet,7.83,7.75,7.25,7.92,7.5,7.17,10,10,10,7.5,82.92,1706.88
Colombia,South America,Washed / Wet,7.83,7.67,7.42,7.42,7.5,7.58,10,10,10,7.5,82.92,1450
Mexico,Mexico,Natural / Dry,7.58,7.58,7.33,7.25,7.58,7.75,10,10,10,7.83,82.92,1248
Vietnam,Asia,Natural / Dry,7.67,7.33,7.17,7.58,8.08,7.42,10,10,10,7.67,82.92,1040
Mexico,Mexico,Washed / Wet,8,7.92,7.67,7.17,7.67,7.42,9.33,10,10,7.75,82.92,1400
Kenya,Africa,Washed / Wet,7.75,7.58,7.42,7.58,7.5,7.5,10,10,10,7.5,82.83,1754
Guatemala,Central America,Washed / Wet,7.5,7.58,7.33,7.67,7.58,7.58,10,10,10,7.58,82.83,1700
Brazil,South America,Pulped natural / honey,7.67,7.58,7.58,7.5,7.5,7.42,10,10,10,7.58,82.83,905
El Salvador,Central America,Washed / Wet,7.33,7.67,7.67,7.83,7.33,7.67,10,10,10,7.33,82.83,1250
Vietnam,Asia,Other,7.25,7.58,7.5,7.42,7.75,7.42,10,10,10,7.92,82.83,1040
Guatemala,Central America,Washed / Wet,7.58,7.58,7.33,7.67,7.67,7.5,10,10,10,7.5,82.83,1219.2
Brazil,South America,Natural / Dry,7.58,7.83,7.33,7.67,7.42,7.33,10,10,10,7.67,82.83,900
Colombia,South America,Washed / Wet,7.83,7.67,7.5,7.58,7.5,7.67,10,10,10,7.08,82.83,1600
Indonesia,Asia,Other,7.42,7.58,7.25,7.5,7.75,7.75,10,10,10,7.58,82.83,1200
Guatemala,Central America,Washed / Wet,7.67,7.67,7.75,7.67,7.42,7.17,10,10,10,7.5,82.83,1500
Colombia,South America,Natural / Dry,7.5,7.42,7.58,7.5,7.58,7.58,10,10,10,7.67,82.83,1800
Colombia,South America,Washed / Wet,7.83,7.5,7.5,7.42,7.5,7.5,10,10,10,7.58,82.83,1775
"Tanzania, United Republic Of",Africa,Washed / Wet,7.67,7.5,7.33,7.25,7.58,7.75,10,10,10,7.75,82.83,1400
Mexico,Mexico,Washed / Wet,7.58,7.67,7.5,7.58,7.5,7.5,10,10,10,7.5,82.83,1550
Mexico,Mexico,Washed / Wet,7.67,7.58,7.42,7.75,7.42,7.42,10,10,10,7.58,82.83,1250
Guatemala,Central America,Washed / Wet,7.67,7.67,7.33,7.5,7.33,7.92,10,10,10,7.42,82.83,1310.64
Mexico,Mexico,Washed / Wet,7.58,7.58,7.5,7.42,7.67,7.58,10,10,10,7.5,82.83,1380
Guatemala,Central America,Washed / Wet,7.5,7.58,7.42,7.67,7.58,7.5,10,10,10,7.5,82.75,1100
Guatemala,Central America,Washed / Wet,7.58,7.67,7.5,7.58,7.5,7.42,10,10,10,7.5,82.75,1800
Guatemala,Central America,Washed / Wet,7.5,7.67,7.17,7.67,7.67,7.58,10,10,10,7.5,82.75,1700
Guatemala,Central America,Washed / Wet,7.5,7.5,7.42,7.58,7.67,7.5,10,10,10,7.58,82.75,1219.2
Guatemala,Central America,Washed / Wet,7.42,7.58,7.42,7.67,7.5,7.5,10,10,10,7.67,82.75,1219.2
Indonesia,Asia,Other,7.5,7.58,7.42,7.58,7.58,7.5,10,10,10,7.58,82.75,1500
Guatemala,Central America,Washed / Wet,7.58,7.58,7.33,7.58,7.33,7.67,10,10,10,7.67,82.75,157.8864
Taiwan,Asia,Natural / Dry,7.83,7.67,7.33,7.67,7.58,7.67,9.33,10,10,7.67,82.75,650
El Salvador,Central America,Washed / Wet,7.67,7.67,7.17,7.33,7.58,7.67,10,10,10,7.67,82.75,1250
Costa Rica,Central America,Washed / Wet,7.58,7.5,7.42,7.67,7.42,7.5,10,10,10,7.67,82.75,1850
Honduras,Central America,Natural / Dry,7.58,7.5,7.42,7.58,7.5,7.5,10,10,10,7.67,82.75,1400
Brazil,South America,Pulped natural / honey,7.5,7.5,7.58,7.5,7.58,7.58,10,10,10,7.5,82.75,905
China,Asia,Natural / Dry,7.67,7.5,7.33,7.33,7.67,7.67,10,10,10,7.58,82.75,1100
China,Asia,Washed / Wet,7.5,7.67,7.42,7.67,7.5,7.5,10,10,10,7.5,82.75,1500
Colombia,South America,Washed / Wet,7.5,7.58,7.58,7.75,7.33,7.5,10,10,10,7.5,82.75,1775
Malawi,Africa,Washed / Wet,7.75,7.58,7.42,7.5,7.33,7.5,10,10,10,7.67,82.75,1442
Guatemala,Central America,Washed / Wet,7.75,7.42,7.25,7.75,7.5,7.67,10,10,10,7.42,82.75,1524
Colombia,South America,Washed / Wet,7.67,7.42,7.42,7.58,7.33,7.67,10,10,10,7.67,82.75,165
Colombia,South America,Washed / Wet,7.58,7.33,7.17,7.33,7.25,8.58,10,10,10,7.5,82.75,1300
Mexico,Mexico,Washed / Wet,7.58,7.58,7.5,7.5,7.5,7.5,10,10,10,7.58,82.75,1550
Mexico,Mexico,Washed / Wet,7.58,7.58,7.33,7.75,7.25,7.58,10,10,10,7.67,82.75,1200
Mexico,Mexico,Natural / Dry,8.08,8.17,8,8,7.83,7.92,6.67,10,10,8.08,82.75,1200
Colombia,South America,Washed / Wet,7.5,7.58,7.42,7.67,7.5,7.58,10,10,10,7.5,82.75,1625
Colombia,South America,Washed / Wet,7.67,7.58,7.58,7.58,7.5,7.42,10,10,10,7.42,82.75,1775
Panama,Central America,Washed / Wet,7.42,7.42,7.5,7.58,7.5,7.75,10,10,10,7.58,82.75,1100
Brazil,South America,Natural / Dry,7.5,7.58,7.25,7.75,7.58,7.5,10,10,10,7.5,82.67,890
Brazil,South America,Natural / Dry,7.5,7.58,7.5,7.67,7.5,7.42,10,10,10,7.5,82.67,934
Laos,Asia,Washed / Wet,7.67,7.67,7.42,7.42,7.42,7.5,10,10,10,7.58,82.67,1300
El Salvador,Central America,Washed / Wet,7.67,7.67,7.67,7.67,7.5,7.67,10,10,9.33,7.5,82.67,1200
Brazil,South America,Natural / Dry,7.58,7.5,7.42,7.67,7.5,7.5,10,10,10,7.5,82.67,1
"Tanzania, United Republic Of",Africa,Washed / Wet,7.5,7.5,7.5,7.5,7.5,7.58,10,10,10,7.58,82.67,1700
"Tanzania, United Republic Of",Africa,Washed / Wet,7.58,7.5,7.5,7.58,7.33,7.58,10,10,10,7.58,82.67,1550
Taiwan,Asia,Washed / Wet,8,7.83,7.83,7.42,7.25,7.25,10,10,10,7.08,82.67,1200
Mexico,Mexico,Natural / Dry,7.67,7.58,7.42,7.5,7.42,7.5,10,10,10,7.58,82.67,1296
Uganda,Africa,Washed / Wet,7.67,7.5,7.33,7.67,7.5,7.5,10,10,10,7.5,82.67,1650
Taiwan,Asia,Washed / Wet,7.67,7.5,7.5,7.5,7.5,7.5,10,10,10,7.5,82.67,1240
Thailand,Asia,Washed / Wet,7.42,7.5,7.5,7.67,7.58,7.5,10,10,10,7.5,82.67,1500
Colombia,South America,Washed / Wet,7.75,7.58,7.67,7.25,7.58,7.42,10,10,10,7.42,82.67,1800
Guatemala,Central America,Washed / Wet,7.67,7.67,7.17,7.67,7.5,7.5,10,10,10,7.5,82.67,1500
Mexico,Mexico,Washed / Wet,7.58,7.58,7.42,7.58,7.42,7.5,10,10,10,7.58,82.67,1100
Mexico,Mexico,Washed / Wet,7.5,7.58,7.58,7.58,7.42,7.42,10,10,10,7.58,82.67,950
Guatemala,Central America,Washed / Wet,7.5,7.42,7.42,7.75,7.5,7.5,10,10,10,7.5,82.58,1219.2
Taiwan,Asia,Pulped natural / honey,7.67,7.42,7.5,7.42,7.58,7.5,10,10,10,7.5,82.58,1050
Indonesia,Asia,Semi-washed / Semi-pulped,7.83,7.58,7.42,7.33,7.42,7.5,10,10,10,7.5,82.58,1250
Thailand,Asia,Washed / Wet,7.75,7.33,7.42,7.67,7.42,7.5,10,10,10,7.5,82.58,800
Thailand,Asia,Washed / Wet,7.42,7.58,7.58,7.42,7.58,7.5,10,10,10,7.5,82.58,1450
"Tanzania, United Republic Of",Africa,Washed / Wet,7.75,7.42,7.33,7.5,7.58,7.5,10,10,10,7.5,82.58,1317
Uganda,Africa,Natural / Dry,7.83,7.5,7.42,7.58,7.42,7.42,10,10,10,7.42,82.58,1650
Costa Rica,Central America,Washed / Wet,7.67,7.42,7.5,7.67,7,7.75,10,10,10,7.58,82.58,1300
Colombia,South America,Washed / Wet,7.75,7.25,7.33,7.42,7.5,7.83,10,10,10,7.5,82.58,1750
Colombia,South America,Washed / Wet,7.75,7.5,7.75,7.25,7.33,7.58,10,10,10,7.42,82.58,1750
Colombia,South America,Washed / Wet,7.58,7.5,7.42,7.58,7.67,7.42,10,10,10,7.42,82.58,1750
Mexico,Mexico,Washed / Wet,7.5,7.58,7.5,7.5,7.42,7.5,10,10,10,7.58,82.58,1250
Mexico,Mexico,Washed / Wet,7.67,7.58,7.58,7.75,7.67,6.83,10,10,10,7.5,82.58,1150
Colombia,South America,Washed / Wet,7.33,7.42,7.58,7.42,7.67,7.5,10,10,10,7.67,82.58,1775
Brazil,South America,Natural / Dry,7.5,7.5,7.5,7.5,7.58,7.5,10,10,10,7.42,82.5,890
Indonesia,Asia,Washed / Wet,7.83,7.75,7.25,7.5,7.42,7.33,10,10,10,7.42,82.5,1250
Honduras,Central America,Washed / Wet,7.58,7.58,7.33,7.5,7.5,7.5,10,10,10,7.5,82.5,1400
Guatemala,Central America,Washed / Wet,7.5,7.5,7.33,7.5,7.67,7.5,10,10,10,7.5,82.5,1219.2
Thailand,Asia,Washed / Wet,7.5,7.83,7.5,7.75,7.33,7.42,9.33,10,10,7.83,82.5,800
Thailand,Asia,Washed / Wet,7.33,7.5,7.5,7.5,7.67,7.5,10,10,10,7.5,82.5,1450
"Tanzania, United Republic Of",Africa,Washed / Wet,7.67,7.42,7.33,7.58,7.5,7.5,10,10,10,7.5,82.5,1600
Mexico,Mexico,Washed / Wet,7.42,7.58,7.5,7.67,7.25,7.5,10,10,10,7.58,82.5,1600
Brazil,South America,Semi-washed / Semi-pulped,7.42,7.5,7.67,7.33,7.42,7.67,10,10,10,7.5,82.5,1260
Guatemala,Central America,Washed / Wet,7.83,7.42,7.33,7.67,7.42,7.5,10,10,10,7.33,82.5,1310.64
Colombia,South America,Washed / Wet,7.5,7.5,7.42,7.42,7.58,7.58,10,10,10,7.5,82.5,1750
Guatemala,Central America,Washed / Wet,7.83,7.67,7.17,7.33,7.5,7.67,10,10,10,7.33,82.5,1310.64
Mexico,Mexico,Washed / Wet,7.5,7.58,7.5,7.5,7.42,7.42,10,10,10,7.58,82.5,1679
Mexico,Mexico,Washed / Wet,7.67,7.5,7.33,7.67,7.5,7.33,10,10,10,7.5,82.5,1100
Mexico,Mexico,Semi-washed / Semi-pulped,7.92,7.5,7.33,7.58,7.25,7.42,10,10,10,7.5,82.5,1650
Brazil,South America,Semi-washed / Semi-pulped,7.67,7.42,7.33,7.67,7.5,7.5,10,10,10,7.42,82.5,1250
Colombia,South America,Washed / Wet,7.67,7.5,7.33,7.5,7.25,7.67,10,10,10,7.58,82.5,1775
Honduras,Central America,Washed / Wet,7.42,7.67,7.17,7.58,7.58,7.5,10,10,10,7.5,82.42,1500
Guatemala,Central America,Washed / Wet,7.58,7.5,7.33,7.75,7.33,7.5,10,10,10,7.42,82.42,1700
Guatemala,Central America,Washed / Wet,7.67,7.58,7.25,7.67,7.42,7.33,10,10,10,7.5,82.42,1700
Guatemala,Central America,Washed / Wet,7.58,7.5,7.25,7.67,7.5,7.5,10,10,10,7.42,82.42,157.8864
Colombia,South America,Washed / Wet,5.08,7.75,7.83,7.75,7.83,8.08,10,10,10,8.08,82.42,1600
China,Asia,Washed / Wet,7.67,7.42,7.42,7.5,7.42,7.42,10,10,10,7.58,82.42,1600
"Tanzania, United Republic Of",Africa,Washed / Wet,7.67,7.25,7.42,7.42,7.67,7.42,10,10,10,7.58,82.42,2285
Brazil,South America,Natural / Dry,7.17,7.83,7.33,7.5,7.75,7.42,10,10,10,7.42,82.42,1
Guatemala,Central America,Washed / Wet,7.5,7.5,7.5,7.67,7.42,7.5,10,10,10,7.33,82.42,1400
Mexico,Mexico,Washed / Wet,7.42,7.5,7.42,7.58,7.42,7.5,10,10,10,7.58,82.42,1296
Brazil,South America,Semi-washed / Semi-pulped,7.58,7.67,7.33,7.5,7.5,7.42,10,10,10,7.42,82.42,1000
Brazil,South America,Natural / Dry,7.25,7.33,7.25,7.5,7.42,7.5,10,10,10,8.17,82.42,1260
Mexico,Mexico,Washed / Wet,7.5,7.58,7.5,7.92,7.42,7.67,9.33,10,10,7.5,82.42,1170
Colombia,South America,Washed / Wet,7.67,7.42,7.33,7.5,7.58,7.5,10,10,10,7.42,82.42,1775
Mexico,Mexico,Washed / Wet,7.5,7.42,7.42,7.67,7.42,7.58,10,10,10,7.42,82.42,1560
Mexico,Mexico,Semi-washed / Semi-pulped,7.42,7.58,7.5,7.42,7.58,7.5,10,10,10,7.42,82.42,1400
Mexico,Mexico,Washed / Wet,7.42,7.58,7.33,7.58,7.5,7.5,10,10,10,7.5,82.42,1300
Mexico,Mexico,Washed / Wet,7.75,7.33,7.25,7.58,7.58,7.33,10,10,10,7.58,82.42,1170
Mexico,Mexico,Washed / Wet,7.5,7.58,7.33,7.5,7.5,7.5,10,10,10,7.5,82.42,1300
Mexico,Mexico,Washed / Wet,7.58,7.58,7.17,7.5,7.5,7.5,10,10,10,7.58,82.42,1350
Mexico,Mexico,Washed / Wet,7.58,7.33,7.33,7.58,7.5,7.5,10,10,10,7.58,82.42,1150
Mexico,Mexico,Washed / Wet,7.67,7.58,7.33,7.42,7.58,7.33,10,10,10,7.5,82.42,1250
Mexico,Mexico,Washed / Wet,7.83,7.5,7.42,7.67,7.17,7.33,10,10,10,7.5,82.42,1450
Colombia,South America,Natural / Dry,7.67,7.33,7.25,7.42,7.5,7.67,10,10,10,7.58,82.42,442
Colombia,South America,Washed / Wet,7.33,7.58,7.17,7.58,7.42,7.58,10,10,10,7.75,82.42,1750
Honduras,Central America,Washed / Wet,7.5,7.58,7.33,7.5,7.42,7.42,10,10,10,7.58,82.33,1396
Brazil,South America,Natural / Dry,7.33,7.5,7.5,7.33,7.5,7.5,10,10,10,7.67,82.33,982
Brazil,South America,Natural / Dry,7.5,7.5,7.42,7.5,7.42,7.5,10,10,10,7.5,82.33,934
Costa Rica,Central America,Washed / Wet,7.75,7.5,7.25,7.25,7.42,7.67,10,10,10,7.5,82.33,1850
Costa Rica,Central America,Washed / Wet,7.75,7.33,7.5,7.5,7.33,7.58,10,10,10,7.33,82.33,1550
China,Asia,Pulped natural / honey,7.5,7.58,7.42,7.5,7.42,7.42,10,10,10,7.5,82.33,1580
Brazil,South America,Natural / Dry,8.25,7.83,7.25,8.33,8.17,8.08,10,6.67,10,7.75,82.33,1268
Guatemala,Central America,Washed / Wet,7.5,7.42,7.17,7.83,7.5,7.5,10,10,10,7.42,82.33,1676.4
Malawi,Africa,Washed / Wet,7.33,7.58,7.42,7.58,7.33,7.5,10,10,10,7.58,82.33,1450
Brazil,South America,Natural / Dry,7.75,8.08,7.67,8.08,8.08,8,10,10,6.67,8,82.33,1100
Guatemala,Central America,Washed / Wet,7.58,7.67,7.5,7.58,7.75,7.5,9.33,10,10,7.42,82.33,1524
Colombia,South America,Washed / Wet,7.42,7.33,7.5,7.17,7.08,8.33,10,10,10,7.5,82.33,1300
Taiwan,Asia,Semi-washed / Semi-pulped,7.5,7.5,7.5,7.5,7.5,7.5,10,10,10,7.33,82.33,200
Taiwan,Asia,Washed / Wet,7.5,7.5,7.5,7.5,7.5,7.5,10,10,10,7.33,82.33,600
Guatemala,Central America,Washed / Wet,7.5,7.42,7.58,7.5,7.5,7.58,10,10,10,7.25,82.33,1310.64
Colombia,South America,Washed / Wet,7.5,7.42,7.5,7.5,7.5,7.58,10,10,10,7.33,82.33,1750
Mexico,Mexico,Washed / Wet,7.67,7.5,7.42,7.5,7.42,7.42,10,10,10,7.42,82.33,1300
Guatemala,Central America,Washed / Wet,7.67,7.5,7.33,7.67,7.5,7.33,10,10,10,7.33,82.33,1752.6
Mexico,Mexico,Natural / Dry,7.58,7.67,7.58,7.33,7,7.58,10,10,10,7.58,82.33,441
Mexico,Mexico,Washed / Wet,7.67,7.58,7.5,7.58,7.5,7.5,10,10,10,7,82.33,1170
Guatemala,Central America,Washed / Wet,7.5,7.67,7.33,7.5,7.33,7.5,10,10,10,7.5,82.33,1310.64
Brazil,South America,Natural / Dry,7.58,7.5,7.42,7.5,7.5,7.42,10,10,10,7.42,82.33,1100
Mexico,Mexico,Washed / Wet,8,7.75,7.33,7.33,7.08,7.67,9.33,10,10,7.83,82.33,1300
Brazil,South America,Washed / Wet,7.58,7.58,7.25,7.58,7.42,7.5,10,10,10,7.42,82.33,950
Colombia,South America,Natural / Dry,7.83,7.58,7.33,7.25,7.58,7.42,10,10,10,7.33,82.33,442
Brazil,South America,Washed / Wet,7.58,7.5,7.25,7.42,7.67,7.33,10,10,10,7.5,82.25,1100
Guatemala,Central America,Washed / Wet,7.67,7.5,7.25,7.67,7.42,7.42,10,10,10,7.33,82.25,1450
Brazil,South America,Natural / Dry,7.42,7.67,7.5,7.08,7.5,7.42,10,10,10,7.67,82.25,1
El Salvador,Central America,Washed / Wet,7.58,7.67,7.5,7.67,7.83,8.42,9.33,9.33,9.33,7.58,82.25,1500
Honduras,Central America,Washed / Wet,7.58,7.5,7.42,7.58,7.42,7.42,10,10,10,7.33,82.25,1350
Malawi,Africa,Washed / Wet,7.58,7.42,7.33,7.42,7.58,7.5,10,10,10,7.42,82.25,1180
Brazil,South America,Natural / Dry,7.75,7.58,7.42,7.42,7.33,7.33,10,10,10,7.42,82.25,1100
Taiwan,Asia,Washed / Wet,7.5,7.5,7.5,7.5,7.5,7.5,10,10,10,7.25,82.25,650
Mexico,Mexico,Washed / Wet,7.58,7.58,7.42,7.42,7.42,7.42,10,10,10,7.42,82.25,1338
Mexico,Mexico,Washed / Wet,7.58,7.58,7.5,7.17,7.42,7.42,10,10,10,7.58,82.25,533
Guatemala,Central America,Washed / Wet,7.5,7.5,7.33,7.58,7.67,7.33,10,10,10,7.33,82.25,1390.8024
Mexico,Mexico,Washed / Wet,7.5,7.58,7.42,7.67,7.33,7.42,10,10,10,7.33,82.25,1170
Mexico,Mexico,Washed / Wet,7.67,7.58,7.33,7.5,7.42,7.42,10,10,10,7.33,82.25,1250
Mexico,Mexico,Washed / Wet,7.33,7.58,7.42,7.67,7.33,7.5,10,10,10,7.42,82.25,1100
Mexico,Mexico,Washed / Wet,7.42,7.5,7.42,7.58,7.42,7.5,10,10,10,7.42,82.25,900
Colombia,South America,Washed / Wet,7.5,7.42,7.67,7.33,7.58,7.33,10,10,10,7.42,82.25,1750
Colombia,South America,Washed / Wet,7.67,7.33,7.33,7.33,7.5,7.5,10,10,10,7.58,82.25,1775
Brazil,South America,Natural / Dry,7.42,7.42,7.5,7.42,7.42,7.5,10,10,10,7.5,82.17,934
Honduras,Central America,Washed / Wet,7.5,7.5,7.17,7.42,7.5,7.5,10,10,10,7.58,82.17,1500
"Tanzania, United Republic Of",Africa,Washed / Wet,7.58,7.42,7.42,7.33,7.5,7.42,10,10,10,7.5,82.17,1650
"Tanzania, United Republic Of",Africa,Washed / Wet,7.42,7.42,7.42,7.5,7.5,7.33,10,10,10,7.58,82.17,1600
Brazil,South America,Natural / Dry,6.92,7.58,7.42,7.33,7.83,7.5,10,10,10,7.58,82.17,1
Thailand,Asia,Washed / Wet,7.42,7.42,7.17,7.75,7.25,7.67,10,10,10,7.5,82.17,800
Honduras,Central America,Washed / Wet,7.67,7.5,7.25,7.42,7.58,7.42,10,10,10,7.33,82.17,1350
Guatemala,Central America,Washed / Wet,7.42,7.42,7.5,7.5,7.42,7.5,10,10,10,7.42,82.17,1500
"Tanzania, United Republic Of",Africa,Washed / Wet,7.75,7.42,7.42,7.58,7.33,7.42,10,10,10,7.25,82.17,1700
Mexico,Mexico,Washed / Wet,7.42,7.33,7.17,7.42,7.33,8.17,10,10,10,7.33,82.17,1100
Mexico,Mexico,Washed / Wet,7.5,7.5,7.33,7.42,7.5,7.42,10,10,10,7.5,82.17,1400
Taiwan,Asia,Other,7.5,7.5,7.5,7.5,7.5,7.5,10,10,10,7.17,82.17,1200
Taiwan,Asia,Washed / Wet,7.67,7.5,7.5,7.17,7.17,7.58,10,10,10,7.58,82.17,800
Colombia,South America,Washed / Wet,7.33,7.25,7.25,7.58,7.75,7.5,10,10,10,7.5,82.17,1750
Mexico,Mexico,Washed / Wet,7.5,7.67,7,7.5,7.33,7.5,10,10,10,7.67,82.17,1144
Guatemala,Central America,Washed / Wet,7.25,7.75,7,7.75,8.17,7.75,10,10,9.33,7.17,82.17,1350
Mexico,Mexico,Washed / Wet,7.5,7.58,7.25,7.5,7.5,7.33,10,10,10,7.5,82.17,1000
Mexico,Mexico,Washed / Wet,7,7.67,7.5,7.5,7.42,7.5,10,10,10,7.58,82.17,1200
Indonesia,Asia,Washed / Wet,7.5,7.5,7.42,7.42,7.5,7.42,10,10,10,7.33,82.08,1300
Brazil,South America,Natural / Dry,7.42,7.58,7.42,7.5,7.42,7.25,10,10,10,7.5,82.08,894
Brazil,South America,Natural / Dry,7.25,7.25,7.58,7.58,7.25,7.92,10,10,10,7.25,82.08,1
Costa Rica,Central America,Washed / Wet,7.75,7.42,7.42,7.25,7.17,7.42,10,10,10,7.67,82.08,1300
"Tanzania, United Republic Of",Africa,Washed / Wet,7.42,7.33,7.42,7.42,7.5,7.58,10,10,10,7.42,82.08,1500
"Tanzania, United Republic Of",Africa,Washed / Wet,7.42,7.5,7.5,7.33,7.33,7.5,10,10,10,7.5,82.08,1600
Costa Rica,Central America,Washed / Wet,7.58,7.33,7.33,7.33,7.5,7.67,10,10,10,7.33,82.08,13
Mexico,Mexico,Washed / Wet,7.42,7.58,7.5,7.33,7.42,7.42,10,10,10,7.42,82.08,1300
Mexico,Mexico,Washed / Wet,7.5,7.42,7.42,7.5,7.25,7.5,10,10,10,7.5,82.08,1800
Mexico,Mexico,Washed / Wet,7.67,7.5,7.25,7.58,7.42,7.33,10,10,10,7.33,82.08,1250
Vietnam,Asia,Natural / Dry,7.67,8,7.17,7.08,7.67,7.08,10,10,10,7.42,82.08,1040
Mexico,Mexico,Washed / Wet,7.58,7.42,7.25,7.75,7.33,7.42,10,10,10,7.33,82.08,1250
Honduras,Central America,Washed / Wet,7.5,7.5,7.17,7.5,7.5,7.42,10,10,10,7.42,82,1600
Honduras,Central America,Natural / Dry,7.5,7.5,7.25,7.33,7.42,7.5,10,10,10,7.5,82,1600
Brazil,South America,Natural / Dry,7.5,7.33,7.42,7.5,7.33,7.42,10,10,10,7.5,82,944
"Tanzania, United Republic Of",Africa,Washed / Wet,7.67,7.33,7.33,7.42,7.42,7.42,10,10,10,7.42,82,1650
Laos,Asia,Washed / Wet,7.42,7.5,7.25,7.33,7.5,7.5,10,10,10,7.5,82,1250
"Tanzania, United Republic Of",Africa,Washed / Wet,7.42,7.42,7.33,7.58,7.33,7.42,10,10,10,7.5,82,1350
Malawi,Africa,Washed / Wet,7.5,7.42,7.33,7.58,7.33,7.5,10,10,10,7.33,82,2500
Taiwan,Asia,Washed / Wet,7.33,7.5,7.17,7.42,7.5,7.33,10,10,10,7.75,82,600
Thailand,Asia,Washed / Wet,7.58,7.5,7.42,7.42,7.33,7.42,10,10,10,7.33,82,800
Costa Rica,Central America,Washed / Wet,7.5,7.25,7.33,7.33,7.75,7.5,10,10,10,7.33,82,1300
Honduras,Central America,Washed / Wet,7.33,7.33,7.33,7.5,7.5,7.83,10,10,10,7.17,82,1400
Colombia,South America,Washed / Wet,7.33,7.33,7.58,7.5,7.5,7.58,10,10,10,7.17,82,1900
Taiwan,Asia,Washed / Wet,7.42,7.58,7.33,7.42,8,7.5,9.33,10,10,7.42,82,650
Brazil,South America,Natural / Dry,7.33,7.67,7.42,7.17,7.33,7.42,10,10,10,7.67,82,1038.5
Mexico,Mexico,Washed / Wet,7.67,7.33,7.25,7.5,7.42,7.42,10,10,10,7.42,82,940
Brazil,South America,Natural / Dry,7.42,7.5,7.33,7.5,7.33,7.5,10,10,10,7.42,82,1000
Brazil,South America,Semi-washed / Semi-pulped,7.42,7.5,7.25,7.5,7.5,7.42,10,10,10,7.42,82,1050
Brazil,South America,Semi-washed / Semi-pulped,7.58,7.5,7.17,7.5,7.5,7.42,10,10,10,7.33,82,950
Guatemala,Central America,Washed / Wet,7.75,7.33,7.33,7.42,7.75,7.67,10,10,9.33,7.42,82,1402.08
Guatemala,Central America,Washed / Wet,7.58,7.5,7.25,7.58,7.58,7.5,9.33,10,10,7.58,81.92,1901
Guatemala,Central America,Washed / Wet,7.5,7.5,7.25,7.42,7.42,7.42,10,10,10,7.42,81.92,1219.2
Honduras,Central America,Washed / Wet,7.58,7.5,7.25,7.33,7.42,7.5,10,10,10,7.33,81.92,1400
Brazil,South America,Natural / Dry,7.42,7.33,7.33,7.5,7.5,7.33,10,10,10,7.5,81.92,1020
El Salvador,Central America,Washed / Wet,7.67,7.58,7.33,7.5,7.5,7.67,10,10,9.33,7.33,81.92,1250
Guatemala,Central America,Washed / Wet,7.58,7.58,7.17,7.83,7.17,7.33,10,10,10,7.25,81.92,1550
"Tanzania, United Republic Of",Africa,Washed / Wet,7.33,7.33,7.33,7.42,7.5,7.58,10,10,10,7.42,81.92,1877
Taiwan,Asia,Other,7.5,7.5,7.42,7.25,7.5,7.5,10,10,10,7.25,81.92,1000
Mexico,Mexico,Washed / Wet,7.58,7.5,7.25,7.58,7.5,7.25,10,10,10,7.25,81.92,1300
Mexico,Mexico,Semi-washed / Semi-pulped,7.5,7.5,7.25,7.25,7.5,7.5,10,10,10,7.42,81.92,981
Mexico,Mexico,Washed / Wet,7.5,7.42,7.25,7.5,7.33,7.33,10,10,10,7.58,81.92,690
Mexico,Mexico,Washed / Wet,7.33,7.58,7.17,7.58,7.42,7.33,10,10,10,7.5,81.92,1650
Mexico,Mexico,Washed / Wet,7.67,7.42,7.33,7.83,7.5,7.5,9.33,10,10,7.33,81.92,1000
Brazil,South America,Natural / Dry,7.42,7.58,7.25,7.5,7.33,7.5,10,10,10,7.33,81.92,1100
Guatemala,Central America,Washed / Wet,7.42,7.5,7.25,7.5,7.33,7.42,10,10,10,7.42,81.83,157.8864
Costa Rica,Central America,Pulped natural / honey,7.25,7.33,7.5,7.33,7.67,7.42,10,10,10,7.33,81.83,1900
Brazil,South America,Natural / Dry,7.42,7.5,7.42,7.5,7.42,7.25,10,10,10,7.33,81.83,973
Indonesia,Asia,Other,7.75,7.83,7.58,7.75,7.92,7.83,10,10,10,5.17,81.83,1250
Guatemala,Central America,Washed / Wet,7.58,7.5,7.33,7.42,7.58,7.25,10,10,10,7.17,81.83,3280
Brazil,South America,Natural / Dry,7.17,7.58,6.83,7.5,7.75,7.25,10,10,10,7.75,81.83,1
Brazil,South America,Natural / Dry,7.58,7,6.92,6.92,7.67,7.5,10,10,10,8.25,81.83,1
Myanmar,Asia,Washed / Wet,7.33,7.58,7.5,7.42,7.33,7.33,10,10,10,7.33,81.83,1269
Mexico,Mexico,Washed / Wet,7.58,7.5,7.33,7.5,7.17,7.33,10,10,10,7.42,81.83,1425
Honduras,Central America,Washed / Wet,7.5,7.5,7.33,7.5,7.42,7.25,10,10,10,7.33,81.83,1400
Costa Rica,Central America,Washed / Wet,7.67,7.5,7.5,7.25,7.08,7.42,10,10,10,7.42,81.83,1300
Taiwan,Asia,Washed / Wet,7.67,7.33,7.17,7.25,7.75,7.33,10,10,10,7.33,81.83,700
Indonesia,Asia,Other,7.42,7.42,7.42,7.33,7.42,7.42,10,10,10,7.42,81.83,1300
Malawi,Africa,Washed / Wet,7.58,7.42,7.33,7.33,7.33,7.42,10,10,10,7.42,81.83,1556
Brazil,South America,Natural / Dry,7.33,7.58,7.25,7.17,7.83,7.33,10,10,10,7.33,81.83,1100
Honduras,Central America,Natural / Dry,7.5,7.5,7.33,7.33,7.33,7.33,10,10,10,7.5,81.83,1350
Mexico,Mexico,Washed / Wet,7.42,7.42,7.25,7.5,7.33,7.42,10,10,10,7.5,81.83,1550
Colombia,South America,Washed / Wet,7.5,7.5,7,7.42,7.5,7.58,10,10,10,7.33,81.83,1775
Brazil,South America,Semi-washed / Semi-pulped,7.75,7.75,7.5,7.42,7.83,7.75,9.33,9.33,9.33,7.83,81.83,1250
Guatemala,Central America,Washed / Wet,7.83,7.67,7.33,7.33,7.67,7.83,9.33,10,9.33,7.5,81.83,1310.64
Mexico,Mexico,Washed / Wet,7.83,7.33,7.25,7.58,7.25,7.33,10,10,10,7.25,81.83,1500
Mexico,Mexico,Semi-washed / Semi-pulped,7.33,7.33,7.25,7.5,7.5,7.5,10,10,10,7.42,81.83,1250
Guatemala,Central America,Washed / Wet,7.5,7.5,7.25,7.42,7.42,7.33,10,10,10,7.33,81.75,1700
Vietnam,Asia,Washed / Wet,7,7.08,7.33,7.5,7.5,7.33,10,10,10,8,81.75,1040
"Tanzania, United Republic Of",Africa,Washed / Wet,7.42,7.42,7.42,7.42,7.33,7.33,10,10,10,7.42,81.75,1600
Mexico,Mexico,Washed / Wet,7.5,7.5,7.33,7.42,7.25,7.25,10,10,10,7.5,81.75,774
Mexico,Mexico,Washed / Wet,7.42,7.5,7.17,7.67,7.33,7.42,10,10,10,7.25,81.75,1250
Mexico,Mexico,Washed / Wet,7.42,7.5,7.33,7.58,7.33,7.33,10,10,10,7.25,81.75,1100
Mexico,Mexico,Washed / Wet,7.33,7.42,7.33,7.67,7.42,7.25,10,10,10,7.33,81.75,1550
Mexico,Mexico,Washed / Wet,7.5,7.42,7.25,7.33,7.67,7.25,10,10,10,7.33,81.75,1650
Colombia,South America,Washed / Wet,7.33,7.42,7.33,7.33,7.5,7.67,10,10,10,7.17,81.75,1750
Brazil,South America,Natural / Dry,7.42,7.5,7.25,7.5,7.5,7.25,10,10,10,7.25,81.67,890
Guatemala,Central America,Washed / Wet,7.42,7.42,7.08,7.42,7.33,7.42,10,10,10,7.58,81.67,1700
Guatemala,Central America,Washed / Wet,7.42,7.33,7.17,7.67,7.33,7.42,10,10,10,7.33,81.67,1219.2
Honduras,Central America,Washed / Wet,7.58,7.5,7.33,7.33,7.42,7.25,10,10,10,7.25,81.67,1450
Brazil,South America,Natural / Dry,7.25,7.75,6.92,7.42,7.5,7.58,10,10,10,7.25,81.67,1
"Tanzania, United Republic Of",Africa,Washed / Wet,7.42,7.33,7.25,7.42,7.5,7.42,10,10,10,7.33,81.67,1500
"Tanzania, United Republic Of",Africa,Washed / Wet,7.33,7.33,7.5,7.25,7.42,7.33,10,10,10,7.5,81.67,1700
Brazil,South America,Washed / Wet,7.25,7.42,7.25,7.5,7.5,7.42,10,10,10,7.33,81.67,1260
Honduras,Central America,Natural / Dry,7.5,7.33,7.5,7.5,7.17,7.17,10,10,10,7.5,81.67,1400
Costa Rica,Central America,Washed / Wet,7.5,7.17,7.17,7.17,7.5,7.08,10,10,10,8.08,81.67,1850
Taiwan,Asia,Semi-washed / Semi-pulped,7.5,7.5,7.5,7.25,7.42,7.25,10,10,10,7.25,81.67,150
Taiwan,Asia,Washed / Wet,7.58,7.42,7.33,7.42,7.33,7.33,10,10,10,7.25,81.67,750
Mexico,Mexico,Washed / Wet,7.5,7.42,7.08,7.58,7.33,7.33,10,10,10,7.42,81.67,1400
Guatemala,Central America,Washed / Wet,7.5,7.67,7.33,7.33,7.33,7.33,10,10,10,7.17,81.67,1752.6
Mexico,Mexico,Washed / Wet,7.25,7.67,7.58,7.67,7.67,7.58,8.67,10,10,7.58,81.67,1650
Mexico,Mexico,Washed / Wet,7.67,7.25,7.17,7.75,7.5,7.25,10,10,10,7.08,81.67,1400
Mexico,Mexico,Washed / Wet,7.5,7.42,7.33,7.42,7.42,7.42,10,10,10,7.17,81.67,1200
Mexico,Mexico,Washed / Wet,7.58,7.42,7.25,7.58,7.25,7.17,10,10,10,7.42,81.67,1400
Mexico,Mexico,Semi-washed / Semi-pulped,7.75,7.58,7.25,7.17,7.58,7.33,9.33,10,10,7.67,81.67,940
Honduras,Central America,Washed / Wet,7.5,7.42,7.08,7.42,7.5,7.33,10,10,10,7.33,81.58,1200
Guatemala,Central America,Washed / Wet,7.42,7.42,7.08,7.5,7.42,7.33,10,10,10,7.42,81.58,1902
Taiwan,Asia,Washed / Wet,7.42,7.42,7.25,7.67,7.33,7.25,10,10,10,7.25,81.58,800
Costa Rica,Central America,Washed / Wet,7.58,7.42,7.5,7.17,7.08,7.58,10,10,10,7.25,81.58,13
"Tanzania, United Republic Of",Africa,Washed / Wet,7.42,7.42,7.33,7.42,7.42,7.33,10,10,10,7.25,81.58,1800
Malawi,Africa,Washed / Wet,7.42,7.42,7.17,7.58,7.33,7.33,10,10,10,7.33,81.58,1100
Taiwan,Asia,Semi-washed / Semi-pulped,7.33,7.17,7.08,7.08,8.33,8.25,10,10,9.33,7,81.58,850
Brazil,South America,Washed / Wet,7.42,7.42,7.33,7.33,7.5,7.25,10,10,10,7.33,81.58,1260
Guatemala,Central America,Washed / Wet,7.42,7.33,7.17,7.58,7.42,7.5,10,10,10,7.17,81.58,1310.64
Mexico,Mexico,Washed / Wet,7.67,7.5,7.42,7.5,6.75,7.42,10,10,10,7.33,81.58,1400
Mexico,Mexico,Natural / Dry,7.33,7.5,7.25,7.5,7.5,7.17,10,10,10,7.33,81.58,1600
Mexico,Mexico,Natural / Dry,7.67,7.58,7.42,7.58,7.58,7.42,10,10,8.67,7.67,81.58,1650
Guatemala,Central America,Washed / Wet,7.67,7.58,7.17,7.42,7.33,7.42,9.33,10,10,7.58,81.5,1219.2
Nicaragua,Central America,Other,7.5,7.42,7.33,7.33,7.25,7.33,10,10,10,7.33,81.5,1100
Honduras,Central America,Washed / Wet,7.5,7.5,7.33,7.42,7.17,7.25,10,10,10,7.33,81.5,1400
Taiwan,Asia,Natural / Dry,7.5,7.42,7.33,7.08,7.58,7.25,10,10,10,7.33,81.5,180
Myanmar,Asia,Washed / Wet,7.25,7.42,7.25,7.5,7.33,7.33,10,10,10,7.42,81.5,1219.2
Costa Rica,Central America,Washed / Wet,7.83,7.33,7.08,7.08,7.33,7.5,10,10,10,7.33,81.5,1200
Malawi,Africa,Washed / Wet,7.67,7.42,6.92,7.5,7.5,7.17,10,10,10,7.33,81.5,1599
Guatemala,Central America,Washed / Wet,7.5,7.42,7.17,7.58,7.25,7.42,10,10,10,7.17,81.5,1219.2
Taiwan,Asia,Washed / Wet,7.42,7.33,7.67,7.33,7.42,7.5,10,10,9.33,7.5,81.5,900
Brazil,South America,Semi-washed / Semi-pulped,7.58,7.5,7.5,7.67,7.67,7.83,9.33,9.33,9.33,7.75,81.5,1200
Haiti,Central America,Washed / Wet,7.42,7.33,7.25,7.42,7.42,7.33,10,10,10,7.33,81.5,825
Taiwan,Asia,Other,7.5,7.42,7.25,7.25,7.33,7.33,10,10,10,7.42,81.5,600
Mexico,Mexico,Washed / Wet,7.33,7.33,7.17,7.42,7.5,7.5,10,10,10,7.25,81.5,1150
Mexico,Mexico,Washed / Wet,7.58,7.42,7.25,7.42,7.33,7.33,10,10,10,7.17,81.5,1600
Mexico,Mexico,Washed / Wet,7.42,7.25,7.17,7.42,7.17,8,10,10,10,7.08,81.5,1100
Mexico,Mexico,Semi-washed / Semi-pulped,7.33,7.5,7.33,7.33,7.33,7.42,10,10,10,7.25,81.5,1000
Mexico,Mexico,Washed / Wet,7.42,7.42,7.33,7.17,7.25,7.42,10,10,10,7.5,81.5,1250
Mexico,Mexico,Natural / Dry,7.5,7.5,7.25,7.5,7.42,7.58,9.33,10,10,7.42,81.5,1100
Indonesia,Asia,Washed / Wet,7.75,7.17,7.17,7.33,7.58,7.33,10,10,10,7.17,81.5,1400
Brazil,South America,Semi-washed / Semi-pulped,7.5,7.42,7.17,7.42,7.5,7.33,10,10,10,7.17,81.5,125
Mexico,Mexico,Washed / Wet,7.58,7.33,7.08,7.33,7.5,7.33,10,10,10,7.25,81.42,1100
Guatemala,Central America,Washed / Wet,7.42,7.33,7.08,7.58,7.33,7.25,10,10,10,7.42,81.42,1371.6
Brazil,South America,Natural / Dry,7.33,7.5,7.5,7.33,6.83,7.42,10,10,10,7.5,81.42,1100
Honduras,Central America,Washed / Wet,7.5,7.33,7.17,7.25,7.5,7.42,10,10,10,7.25,81.42,1400
Taiwan,Asia,Washed / Wet,7.83,7.75,7.42,7.17,7.08,7.08,10,10,10,7.08,81.42,110
Malawi,Africa,Washed / Wet,7.58,7.17,7.33,7.42,7.08,7.42,10,10,10,7.42,81.42,1422
Brazil,South America,Natural / Dry,7.25,7.5,7.42,7.17,7.33,7.33,10,10,10,7.42,81.42,1100
Guatemala,Central America,Washed / Wet,7.42,7.5,7.17,7.42,7.42,7.42,10,10,10,7.08,81.42,1550
Mexico,Mexico,Washed / Wet,7.67,7.33,7.25,7.17,7.25,7.42,10,10,10,7.33,81.42,1550
Guatemala,Central America,Washed / Wet,7.42,7.33,7.25,7.42,7.42,7.5,10,10,10,7.08,81.42,1310.64
Mexico,Mexico,Washed / Wet,7.42,7.33,7.25,7.17,7.25,7.42,10,10,10,7.58,81.42,763
Mexico,Mexico,Washed / Wet,7.42,7.42,7.25,7.25,7.5,7.33,10,10,10,7.25,81.42,1100
Colombia,South America,Natural / Dry,7.5,7.42,7.25,7.17,7.17,7.75,10,10,10,7.17,81.42,1750
Honduras,Central America,Washed / Wet,7.5,7.5,7,7.17,7.5,7.33,10,10,10,7.33,81.33,1500
Brazil,South America,Natural / Dry,7.25,7.33,7.33,7.33,7.33,7.42,10,10,10,7.33,81.33,1100
Honduras,Central America,Washed / Wet,7.58,7.42,7.17,7.42,7.17,7.17,10,10,10,7.42,81.33,1350
Brazil,South America,Other,7.17,7.33,7.42,7.25,7.42,7.33,10,10,10,7.42,81.33,1200
Philippines,Asia,Washed / Wet,7.08,7.33,7.42,7.33,7.33,7.5,10,10,10,7.33,81.33,1400
Malawi,Africa,Washed / Wet,7.75,7.33,7.08,7.33,7.33,7.25,10,10,10,7.25,81.33,1200
Honduras,Central America,Washed / Wet,7.33,7.33,7.17,7.33,7.5,7.33,10,10,10,7.33,81.33,1450
Mexico,Mexico,Washed / Wet,7.58,7.42,7.25,7.33,7.25,7.25,10,10,10,7.25,81.33,1800
Mexico,Mexico,Washed / Wet,7.33,7.25,7.17,7.42,7.58,7.33,10,10,10,7.25,81.33,1000
Brazil,South America,Natural / Dry,7.5,7.58,7.5,7.5,7.75,7.83,9.33,9.33,9.33,7.58,81.33,1100
Taiwan,Asia,Natural / Dry,7.83,7.75,7.67,7.83,7.83,7.75,9.33,10,10,5.25,81.25,680
Brazil,South America,Natural / Dry,7.17,7.42,7.17,7.08,6.92,8.17,10,10,10,7.33,81.25,1
Nicaragua,Central America,Washed / Wet,7.08,7.5,7.33,7.17,7.42,7.25,10,10,10,7.5,81.25,1100
Honduras,Central America,Washed / Wet,7.42,7.17,7.17,7.5,7.33,7.25,10,10,10,7.42,81.25,1400
Guatemala,Central America,Washed / Wet,7.33,7.42,7.17,7.25,7.42,7.33,10,10,10,7.33,81.25,1700
"Tanzania, United Republic Of",Africa,Washed / Wet,7.33,7.17,7.17,7.5,7.25,7.42,10,10,10,7.42,81.25,1700
Taiwan,Asia,Semi-washed / Semi-pulped,7.5,7.5,7.25,7.25,7.25,7.25,10,10,10,7.25,81.25,650
Guatemala,Central America,Washed / Wet,7.5,7.33,7.5,7.58,7,7.25,10,10,10,7.08,81.25,1524
Mexico,Mexico,Washed / Wet,7.42,7.42,7.33,7.33,7.5,7.42,9.33,10,10,7.5,81.25,1500
Nicaragua,Central America,Washed / Wet,7.33,7.5,7.17,7.17,7.58,7.17,10,10,10,7.25,81.17,1200
"Tanzania, United Republic Of",Africa,Washed / Wet,7.67,7.17,7.17,7.33,7.5,7.17,10,10,10,7.17,81.17,1050
Mexico,Mexico,Washed / Wet,7.75,7.58,7.08,7.25,7.08,7.25,10,10,10,7.17,81.17,1200
Costa Rica,Central America,Washed / Wet,7.5,7.5,7.33,7.17,7.08,7.17,10,10,10,7.42,81.17,1300
Honduras,Central America,Natural / Dry,7.42,7.33,7,7.42,7.33,7.33,10,10,10,7.33,81.17,1450
Thailand,Asia,Washed / Wet,6.83,7.42,7.42,7.17,7.5,7.42,10,10,10,7.42,81.17,1450
Philippines,Asia,Natural / Dry,7.25,7.25,7.25,7.08,7.58,7.5,10,10,10,7.25,81.17,1200
"Tanzania, United Republic Of",Africa,Washed / Wet,7.58,7.17,7.17,7.33,7.33,7.25,10,10,10,7.33,81.17,1550
Malawi,Africa,Washed / Wet,7.58,7.25,7.33,7.08,7.33,7.33,10,10,10,7.25,81.17,995
Costa Rica,Central America,Washed / Wet,7.33,7.08,7.33,7.25,7.33,7.58,10,10,10,7.25,81.17,1300
Mexico,Mexico,Natural / Dry,7.42,7.25,7.08,7.75,7.42,7.17,10,10,10,7.08,81.17,1800
Guatemala,Central America,Washed / Wet,7.42,7.25,7.33,7.25,7.25,7.42,10,10,10,7.25,81.17,1450
Brazil,South America,Natural / Dry,7.42,7.33,7.25,7.42,7.5,7.17,10,10,10,7.08,81.17,1000
Brazil,South America,Natural / Dry,7.58,7.42,7.5,7.25,7.75,7.58,9.33,10,9.33,7.33,81.08,695
Nicaragua,Central America,Washed / Wet,7.33,7.33,7.33,7.42,7.33,7.33,10,10,10,7,81.08,1100
Guatemala,Central America,Natural / Dry,7.42,7.17,7.33,7.42,7.25,7.33,10,10,10,7.17,81.08,1706.88
"Tanzania, United Republic Of",Africa,Washed / Wet,7.42,7.33,7.33,7.25,7.25,7.33,10,10,10,7.17,81.08,1456
Costa Rica,Central America,Washed / Wet,7.42,7.25,7.17,7.25,7.25,7.58,10,10,10,7.17,81.08,1500
United States (Puerto Rico),Central America,Washed / Wet,7.67,7.75,7.67,7.58,7.58,7.67,6.67,10,10,8.5,81.08,853.44
Mexico,Mexico,Washed / Wet,7.25,7.42,7.33,7.33,7.17,7.33,10,10,10,7.25,81.08,1650
Mexico,Mexico,Washed / Wet,7.33,7.25,7.33,7.42,7.25,7.42,10,10,10,7.08,81.08,1300
Mexico,Mexico,Washed / Wet,7.33,7.33,7.25,7.42,7.25,7.25,10,10,10,7.25,81.08,1642
Mexico,Mexico,Washed / Wet,7.42,7.33,7.25,7.42,7.17,7.25,10,10,10,7.25,81.08,1200
El Salvador,Central America,Washed / Wet,7.42,7.08,7.08,7.33,7.25,7.58,10,10,10,7.25,81,1450
Guatemala,Central America,Washed / Wet,7.42,7.25,7.17,7.5,7.25,7.17,10,10,10,7.25,81,3280
Colombia,South America,Washed / Wet,7.67,7.5,7.42,5.25,7.67,7.75,10,10,10,7.75,81,1600
Guatemala,Central America,Washed / Wet,7.5,7.25,7,7.25,7.5,7.25,10,10,10,7.25,81,1219.2
Taiwan,Asia,Washed / Wet,7.25,7.17,7.17,7.25,7.5,7.33,10,10,10,7.33,81,758
Honduras,Central America,Natural / Dry,7.42,7.25,7.25,7.33,7.25,7.17,10,10,10,7.33,81,1350
"Tanzania, United Republic Of",Africa,Washed / Wet,7.33,7.33,7.08,7.42,7.17,7.33,10,10,10,7.33,81,1525
Uganda,Africa,Natural / Dry,7.33,6.92,7.17,7.33,7.42,7.42,10,10,10,7.42,81,1700
Taiwan,Asia,Semi-washed / Semi-pulped,7.5,6.92,7.33,7.33,7.33,7.33,10,10,10,7.25,81,1100
Thailand,Asia,Washed / Wet,7.33,7.42,7.25,7.42,7.25,7.17,10,10,10,7.17,81,800
Mexico,Mexico,Washed / Wet,7.08,7.33,7.33,7.33,7.42,7.25,10,10,10,7.25,81,950
Mexico,Mexico,Washed / Wet,7.58,7.67,7.5,7.67,7.58,7.5,8,10,10,7.5,81,1100
Taiwan,Asia,Washed / Wet,7.33,7.17,7.25,7.33,7.33,7.25,10,10,10,7.25,80.92,200
Guatemala,Central America,Washed / Wet,7.67,7.67,7.33,7.58,7.67,7.5,9.33,9.33,9.33,7.5,80.92,1901
Kenya,Africa,Washed / Wet,7.17,7.58,7.5,7.5,8,7.75,10,10,10,5.42,80.92,1600
Mexico,Mexico,Washed / Wet,7.5,7.33,7.17,7.42,7.5,7.33,9.33,10,10,7.33,80.92,1100
Myanmar,Asia,Other,7.17,7.42,7,7.58,7.33,7,10,10,10,7.42,80.92,1066.8
"Tanzania, United Republic Of",Africa,Washed / Wet,7.33,7.17,7.17,7.25,7.42,7.33,10,10,10,7.25,80.92,1700
Brazil,South America,Natural / Dry,7.25,7.33,7.25,7.25,7.25,7.33,10,10,10,7.25,80.92,1200
Taiwan,Asia,Washed / Wet,7.92,7.67,7.33,7.08,7.08,7.08,10,10,10,6.75,80.92,550
Brazil,South America,Natural / Dry,7.17,7.42,7.17,7.25,7.25,7.33,10,10,10,7.33,80.92,1100
Nicaragua,Central America,Washed / Wet,7.33,7.08,7.25,7,7.5,7.42,10,10,10,7.33,80.92,1050
Guatemala,Central America,Washed / Wet,7.58,7.42,6.92,7.5,7.25,7.17,10,10,10,7.08,80.92,1524
Taiwan,Asia,Washed / Wet,7.42,7.25,7.25,7.25,7.25,7.25,10,10,10,7.25,80.92,900
Taiwan,Asia,Other,7.25,7.17,7.08,7.08,7.08,8.08,10,10,10,7.17,80.92,688
Taiwan,Asia,Washed / Wet,7.42,7.25,7.25,7.25,7.25,7.25,10,10,10,7.25,80.92,300
Mexico,Mexico,Washed / Wet,7.58,7.33,7.08,7.5,7.17,7.25,10,10,10,7,80.92,1186
Laos,Asia,Washed / Wet,7.42,7.33,7.17,7.17,7.17,7.25,10,10,10,7.33,80.83,1300
Guatemala,Central America,Washed / Wet,7.67,7.25,7.08,7.33,7.17,7.25,10,10,10,7.08,80.83,1200
Mexico,Mexico,Semi-washed / Semi-pulped,7.17,7.08,7.25,7.42,7.25,7.33,10,10,10,7.33,80.83,1210
Mexico,Mexico,Washed / Wet,7.33,7.25,7.33,7.33,7.25,7.17,10,10,10,7.17,80.83,1100
Mexico,Mexico,Washed / Wet,7.5,7.17,7.33,7.25,7.17,7.17,10,10,10,7.25,80.83,100
Myanmar,Asia,Washed / Wet,6.92,7.5,7,7.58,7.5,7.08,10,10,10,7.17,80.75,1269
Guatemala,Central America,Washed / Wet,7.5,7.33,7,7.42,7.17,7.17,10,10,10,7.17,80.75,1706.88
Nicaragua,Central America,Washed / Wet,7.25,7.25,7.17,7.25,7.33,7.25,10,10,10,7.25,80.75,1100
Honduras,Central America,Natural / Dry,7.5,7.33,7,7.42,7.25,7.17,10,10,10,7.08,80.75,1450
Panama,Central America,Other,7.25,7.33,7.17,7.33,7.33,7.17,10,10,10,7.17,80.75,1680
Honduras,Central America,Washed / Wet,7.42,7.17,7.08,7.42,7.25,7.25,10,10,10,7.17,80.75,1350
Honduras,Central America,Natural / Dry,7.25,7.33,7.08,7.5,7.25,7.33,10,10,10,7,80.75,1450
Costa Rica,Central America,Washed / Wet,7.33,7.33,7.25,7.25,7.17,7.17,10,10,10,7.25,80.75,1300
Mexico,Mexico,Washed / Wet,7.58,7.33,7.42,7.25,7.5,7.5,9.33,9.33,10,7.5,80.75,1200
Haiti,Central America,Washed / Wet,7.42,7,7.42,7.25,7.08,7.33,10,10,10,7.25,80.75,1000
Indonesia,Asia,Semi-washed / Semi-pulped,7.58,7.42,7,7.67,7.5,7.5,9.33,9.33,10,7.33,80.67,1350
Guatemala,Central America,Washed / Wet,7.67,7.42,6.83,7.17,7.42,7.17,10,10,10,7,80.67,1500
Costa Rica,Central America,Washed / Wet,7.83,7.5,7.67,7.67,7.83,7.5,6.67,10,10,8,80.67,185
Malawi,Africa,Washed / Wet,7.5,7.25,7.17,7.17,7.25,7.17,10,10,10,7.17,80.67,995
Mexico,Mexico,Washed / Wet,7.25,7.17,7.17,7.25,7.17,7.42,10,10,10,7.25,80.67,1200
Colombia,South America,Natural / Dry,7.67,7.5,7.42,7.67,7.5,7.75,10,10,6.67,8.5,80.67,1550
Guatemala,Central America,Washed / Wet,7.67,7.17,7,7.5,7,7,10,10,10,7.33,80.67,1550
"Tanzania, United Republic Of",Africa,Washed / Wet,7.25,7.08,7.08,7.33,7.33,7.25,10,10,10,7.25,80.58,1400
Brazil,South America,Semi-washed / Semi-pulped,7.42,7.25,7.33,7,7.08,7.25,10,10,10,7.25,80.58,1200
Honduras,Central America,Washed / Wet,7.5,7.17,7,7.42,7.33,7,10,10,10,7.17,80.58,1400
Guatemala,Central America,Natural / Dry,7.17,7.42,6.83,7.5,7.17,7.25,10,10,10,7.25,80.58,1383.792
Taiwan,Asia,Natural / Dry,7.17,7.17,7.17,7.42,7.17,7.25,10,10,10,7.17,80.5,50
Guatemala,Central America,Washed / Wet,7.33,7.25,7.08,7.17,7.25,7.17,10,10,10,7.25,80.5,1500
Honduras,Central America,Washed / Wet,7.58,7.33,7,7.17,7.33,7.08,10,10,10,7,80.5,1650
Brazil,South America,Semi-washed / Semi-pulped,7.25,7.33,7.17,7.5,7.33,7.25,9.33,10,10,7.33,80.5,1250
Myanmar,Asia,Washed / Wet,7.17,7.33,7.17,7.42,7.25,7.08,10,10,10,7.08,80.5,3800
Guatemala,Central America,Washed / Wet,7.5,7.17,6.83,7.5,7.17,7.17,10,10,10,7.17,80.5,1219.2
Brazil,South America,Semi-washed / Semi-pulped,7.42,7.42,7.08,7.33,7.67,7.5,9.33,9.33,10,7.42,80.5,1250
Guatemala,Central America,Washed / Wet,7.5,7.5,7,7.67,7.17,7,10,10,10,6.67,80.5,1859.28
Mexico,Mexico,Washed / Wet,7.25,7.25,7.08,7.33,7.25,7.17,10,10,10,7.17,80.5,1450
Taiwan,Asia,Washed / Wet,7.58,7.17,7.17,7.17,7.17,7.17,10,10,10,7,80.42,600
El Salvador,Central America,Washed / Wet,7.33,7.17,7.08,7.08,7.33,7.17,10,10,10,7.25,80.42,1450
China,Asia,Washed / Wet,7.25,7.08,7.25,7.17,7.33,7.17,10,10,10,7.17,80.42,1700
Taiwan,Asia,Washed / Wet,7.25,7.25,7.17,7.25,7.25,7.25,10,10,10,7,80.42,600
Mexico,Mexico,Washed / Wet,6.92,7.17,7.08,7.5,7.33,7.17,10,10,10,7.25,80.42,1050
Mexico,Mexico,Washed / Wet,7.42,7.08,7.08,7.33,7.25,7.17,10,10,10,7.08,80.42,1550
"Tanzania, United Republic Of",Africa,Washed / Wet,7.25,7.17,7,7.25,7.42,7.08,10,10,10,7.17,80.33,1700
Taiwan,Asia,Other,7.25,7.25,7.08,7.25,7.25,7.25,10,10,10,7,80.33,600
Guatemala,Central America,Washed / Wet,7.33,7.33,6.83,7.5,7,7.17,10,10,10,7.17,80.33,1310.64
Mexico,Mexico,Semi-washed / Semi-pulped,7.25,7.08,7.08,7.33,7.33,7.17,10,10,10,7.08,80.33,940
Brazil,South America,Natural / Dry,7.17,7.33,7.42,7.08,7,7,10,10,10,7.25,80.25,995
Honduras,Central America,Natural / Dry,7.25,7.25,7,7,7.42,7,10,10,10,7.33,80.25,1400
Mexico,Mexico,Washed / Wet,7.25,7.17,7,7.33,7.33,7,10,10,10,7.17,80.25,1600
Myanmar,Asia,Natural / Dry,8,7.08,7,7.33,7.08,6.92,10,10,10,6.83,80.25,914.4
Myanmar,Asia,Natural / Dry,7.42,7,7.08,7,7.17,7.33,10,10,10,7.25,80.25,1269
Nicaragua,Central America,Washed / Wet,7.08,6.92,7,7.25,7.5,7.25,10,10,10,7.25,80.25,900
Taiwan,Asia,Semi-washed / Semi-pulped,7.25,7.08,7.25,7.25,7.17,7.25,10,10,10,7,80.25,700
Guatemala,Central America,Washed / Wet,7,7.17,7.33,7.33,7,7.17,10,10,10,7.25,80.25,1400
Mexico,Mexico,Washed / Wet,7.58,7.33,7.17,7.25,6.75,7,10,10,10,7.17,80.25,808
Vietnam,Asia,Other,7.42,7.25,7.25,7.58,7.42,7.33,8.67,10,10,7.25,80.17,1550
Nicaragua,Central America,Washed / Wet,7.17,7.08,7.08,7.33,7.25,7.08,10,10,10,7.17,80.17,1187.5
Honduras,Central America,Washed / Wet,7.25,7.25,7,7.17,7.08,7.08,10,10,10,7.33,80.17,1400
Guatemala,Central America,Washed / Wet,7.33,7.33,7,7.17,7.17,7.17,10,10,10,7,80.17,1310.64
Mexico,Mexico,Washed / Wet,7.33,7.08,6.92,7.42,7.25,7.08,10,10,10,7.08,80.17,1250
Mexico,Mexico,Washed / Wet,7.58,7.42,7.33,7.5,7.08,7.17,8.67,10,10,7.42,80.17,1550
Mexico,Mexico,Washed / Wet,7.33,7.33,7.17,7.08,7.25,7,10,10,10,7,80.17,1000
Guatemala,Central America,Washed / Wet,7.33,7.33,7,7.33,7,7,10,10,10,7.17,80.17,1310.64
Brazil,South America,Pulped natural / honey,7.17,7.17,7,7.17,7.25,7.25,10,10,10,7.08,80.08,1100
Taiwan,Asia,Washed / Wet,7.42,7.25,7.25,7.17,7,7,10,10,10,7,80.08,850
Taiwan,Asia,Other,7.25,7.25,7.25,7.25,7.08,7,10,10,10,7,80.08,200
Taiwan,Asia,Washed / Wet,7.25,7.25,7.25,7,7.25,7.08,10,10,10,7,80.08,150
Taiwan,Asia,Semi-washed / Semi-pulped,7.25,7.25,7.25,7.08,7.17,7.08,10,10,10,7,80.08,250
Mexico,Mexico,Washed / Wet,7.33,7.17,7.25,7.08,7.08,7.08,10,10,10,7.08,80.08,1300
Mexico,Mexico,Washed / Wet,7.25,7.08,7,7.17,7.33,7.17,10,10,10,7.08,80.08,1300
Nicaragua,Central America,Washed / Wet,7.33,7.08,6.92,7.08,7.42,7.17,10,10,10,7,80,1250
Myanmar,Asia,Washed / Wet,7.17,7.33,7,7.42,7.17,7,10,10,10,6.92,80,1068
Mexico,Mexico,Washed / Wet,7.58,7.75,7.42,7.5,7.5,7.5,8.67,8.67,10,7.42,80,1400
Taiwan,Asia,Washed / Wet,7.25,7.25,7.25,7,7.25,7,10,10,10,7,80,250
Thailand,Asia,Washed / Wet,7.33,6.67,7.08,7.42,7.42,7.08,10,10,10,7,80,800
Mexico,Mexico,Washed / Wet,7.25,7.25,7.08,7.17,7.33,7.33,9.33,10,10,7.25,80,1250
Mexico,Mexico,Washed / Wet,7.08,7.33,7,7.33,7.08,7,10,10,10,7.17,80,1100
Mexico,Mexico,Washed / Wet,7.33,7.08,7.08,7.33,7.42,7.17,9.33,10,10,7.17,79.92,1300
Mexico,Mexico,Washed / Wet,7.17,7.17,6.92,7.25,7.33,7.08,10,10,10,7,79.92,1100
Mexico,Mexico,Washed / Wet,7.5,7.17,7,7.17,7.25,7.08,10,10,10,6.75,79.92,1100
Mexico,Mexico,Washed / Wet,7.17,7.08,7.08,7.08,7.5,7.33,9.33,10,10,7.33,79.92,1100
Mexico,Mexico,Natural / Dry,7.33,7.25,7,7.42,7.17,7.17,9.33,10,10,7.25,79.92,1250
Mexico,Mexico,Washed / Wet,7.17,7.33,7.08,7.58,7.33,7.08,10,9.33,10,7,79.92,1250
Kenya,Africa,Washed / Wet,7,7.08,7,7.17,7.25,7.25,10,10,10,7.08,79.83,1500
Guatemala,Central America,Washed / Wet,7.33,7.25,6.92,7.33,7.25,7.33,9.33,10,10,7.08,79.83,1700
Nicaragua,Central America,Washed / Wet,6.83,7.17,7.17,6.92,7.5,7.08,10,10,10,7.17,79.83,1250
Mexico,Mexico,Washed / Wet,7.17,7.08,7,7.25,7.5,7,10,10,10,6.83,79.83,1300
Guatemala,Central America,Washed / Wet,7.5,7.42,7.25,7.58,7.33,7.42,9.33,9.33,9.33,7.25,79.75,1902
Taiwan,Asia,Natural / Dry,7.75,7.33,7.17,7.33,7.67,7.83,9.33,9.33,8.67,7.33,79.75,1000
Taiwan,Asia,Washed / Wet,7.08,7.08,7.25,7,7.17,7.17,10,10,10,7,79.75,600
Thailand,Asia,Washed / Wet,7.25,7.08,6.92,7.5,7.08,6.92,10,10,10,7,79.75,800
Costa Rica,Central America,Washed / Wet,7.58,7.5,7.67,7.75,7.67,7.58,8,8,10,8,79.75,1100
Mexico,Mexico,Washed / Wet,7.58,7.08,7,7,7.5,6.92,10,10,10,6.67,79.75,1400
Mexico,Mexico,Washed / Wet,7.58,7.08,6.92,7.58,7.5,6.92,10,9.33,10,6.83,79.75,1022
Mexico,Mexico,Washed / Wet,7.25,7.08,7,7.17,7.17,7.08,10,10,10,7,79.75,1300
Mexico,Mexico,Washed / Wet,7.25,7.17,7.17,7.08,7.17,7,10,10,10,6.92,79.75,1450
Mexico,Mexico,Washed / Wet,7.33,7.25,7,7.08,7.08,7,10,10,10,7,79.75,1050
Mexico,Mexico,Washed / Wet,7.25,6.83,6.92,7.08,7.25,7.08,10,10,10,7.33,79.75,1100
Guatemala,Central America,Washed / Wet,7.42,7.42,7.25,7.58,7.42,7.33,9.33,9.33,9.33,7.25,79.67,1219.2
El Salvador,Central America,Washed / Wet,7.25,7.08,7,6.83,7.33,7.17,10,10,10,7,79.67,1250
Thailand,Asia,Washed / Wet,6.92,7.17,6.83,7.42,7.17,7.08,10,10,10,7.08,79.67,800
Guatemala,Central America,Washed / Wet,7.5,7,6.83,7.08,7.08,7.17,10,10,10,7,79.67,1310.64
Mexico,Mexico,Washed / Wet,7.42,7.25,6.83,7.58,7.17,6.58,10,10,10,6.83,79.67,1400
Mexico,Mexico,Washed / Wet,7.33,7.17,7,6.75,7.08,7,10,10,10,7.33,79.67,975
Mexico,Mexico,Washed / Wet,6.92,7.17,7.17,7.17,7.08,7.08,10,10,10,7.08,79.67,1264
Mexico,Mexico,Washed / Wet,7.08,7,6.92,7.33,7.25,7.08,10,10,10,6.92,79.58,1250
Mexico,Mexico,Washed / Wet,7.25,6.92,6.92,7.33,7.25,7,10,10,10,6.92,79.58,1550
Nicaragua,Central America,Natural / Dry,6.92,6.92,7,7.42,7.25,7,10,10,10,7,79.5,1050
Taiwan,Asia,Natural / Dry,6.92,7,7.17,7,7.42,7,10,10,10,7,79.5,700
Colombia,South America,Washed / Wet,7.83,7.5,7.42,7.42,7.67,7.5,10,6.67,10,7.5,79.5,1550
Mexico,Mexico,Washed / Wet,7.25,7.08,6.92,7.25,7.58,7.08,9.33,10,10,7,79.5,1550
Mexico,Mexico,Washed / Wet,7.25,7.33,7,7.25,7.17,7.17,9.33,10,10,7,79.5,1100
Guatemala,Central America,Washed / Wet,7.08,7.33,7.25,7.58,7.33,7.42,9.33,9.33,9.33,7.42,79.42,1219.2
Guatemala,Central America,Washed / Wet,7.25,7.33,6.83,7,7,7.17,10,10,10,6.83,79.42,1219.2
Mexico,Mexico,Washed / Wet,7,6.83,6.83,7.42,7.33,7.17,10,10,10,6.83,79.42,800
Colombia,South America,Washed / Wet,7.42,7.25,6.75,7.25,7.42,7.25,9.33,9.33,10,7.33,79.33,1200
Mexico,Mexico,Washed / Wet,7,7,6.83,7.33,7.42,6.92,10,10,10,6.83,79.33,950
Mexico,Mexico,Washed / Wet,7.42,7.17,7.08,7.17,7.08,7.08,9.33,10,10,7,79.33,750
Taiwan,Asia,Washed / Wet,7.08,6.83,6.83,7.25,7.42,7.08,10,10,10,6.75,79.25,850
Mexico,Mexico,Washed / Wet,7,7,6.92,7.17,7.17,7.08,10,10,10,6.92,79.25,1000
Guatemala,Central America,Washed / Wet,7.33,7.42,7.33,7.42,7.5,7.42,8.67,9.33,9.33,7.42,79.17,1219.2
Honduras,Central America,Washed / Wet,7.58,7,6.75,6.92,7,6.92,10,10,10,7,79.17,1650
Guatemala,Central America,Washed / Wet,7.08,7,6.92,7.42,7,6.92,10,10,10,6.83,79.17,1320
Guatemala,Central America,Washed / Wet,7.25,7.17,6.75,7.25,7,6.92,10,10,10,6.83,79.17,1550
Mexico,Mexico,Washed / Wet,7.25,7.08,6.92,7.08,7.17,7.17,9.33,10,10,7.17,79.17,1550
Mexico,Mexico,Washed / Wet,7.17,6.92,6.92,7.08,7.17,7,10,10,10,6.92,79.17,1450
Guatemala,Central America,Washed / Wet,7.58,7.67,7.42,7.42,7.67,7.67,8.67,8.67,8.67,7.67,79.08,1700
United States (Puerto Rico),Central America,Washed / Wet,7.42,7.08,6.75,7.33,7.33,6.92,10,9.33,10,6.92,79.08,853.44
Mexico,Mexico,Washed / Wet,7.33,7,6.92,7.25,7.33,7.08,9.33,10,10,6.83,79.08,1500
Mexico,Mexico,Washed / Wet,7.25,7.08,6.75,7.33,7.42,7,9.33,10,10,6.92,79.08,1100
Mexico,Mexico,Washed / Wet,7.17,7.25,7.25,7.17,7.25,7.08,9.33,9.33,10,7.25,79.08,1200
Guatemala,Central America,Washed / Wet,7.33,7.17,6.58,7.42,7.08,6.83,10,10,10,6.58,79,1219.2
Honduras,Central America,Washed / Wet,7,7,7,7,7,7,10,10,10,7,79,1350
Peru,South America,Washed / Wet,7.67,7.17,7.08,7.25,8,7.5,8.67,9.33,9.33,7,79,1400
Mexico,Mexico,Natural / Dry,6.75,7.08,6.67,7.25,7.17,7.08,10,10,10,7,79,1300
Mexico,Mexico,Semi-washed / Semi-pulped,7.5,7.17,6.92,7.5,7.25,7,8.67,10,10,7,79,1550
Mexico,Mexico,Washed / Wet,7.17,6.83,6.83,7.25,7.17,6.92,10,10,10,6.83,79,12
Mexico,Mexico,Washed / Wet,7.33,7,6.75,7.08,7.17,7.25,9.33,10,10,7,78.92,1300
Mexico,Mexico,Washed / Wet,7.5,7,6.92,7.08,6.92,6.75,10,10,10,6.75,78.92,1400
Nicaragua,Central America,Other,7.17,7,6.92,7,7,7,10,10,10,6.75,78.83,1100
Guatemala,Central America,Washed / Wet,7.33,7.08,6.33,7.25,7,7,10,10,10,6.75,78.75,1310.64
Mexico,Mexico,Washed / Wet,7.25,6.83,6.83,7,7.17,7,10,10,10,6.67,78.75,1320
Mexico,Mexico,Semi-washed / Semi-pulped,7.25,7.33,7.17,7.25,7.08,7,8.67,10,10,7,78.75,1250
Mexico,Mexico,Washed / Wet,7.67,7.17,6.83,7.33,7.58,7.17,9.33,10,8.67,7,78.75,1350
China,Asia,Washed / Wet,7,6.92,6.83,7.17,7.17,7.17,10,10,9.33,7.08,78.67,1850
Mexico,Mexico,Washed / Wet,6.92,6.92,6.67,7.25,7.17,6.92,10,10,10,6.83,78.67,1150
Guatemala,Central America,Washed / Wet,7.33,7.17,6.92,7.58,7.25,7.17,8.67,9.33,10,7.17,78.58,1219.2
Taiwan,Asia,Washed / Wet,6.83,6.75,7.17,7.25,7,6.92,10,10,10,6.67,78.58,800
Mexico,Mexico,Washed / Wet,7,7,6.75,7.33,6.92,6.92,10,10,10,6.67,78.58,1400
Mexico,Mexico,Washed / Wet,7.92,7.58,7.58,7.92,7.92,7.5,8,6.67,10,7.5,78.58,1300
Mexico,Mexico,Washed / Wet,7.25,6.75,6.92,6.92,7.25,7.58,9.33,9.33,10,7.17,78.5,1600
Mexico,Mexico,Washed / Wet,7.08,6.83,6.83,7,7,6.92,10,10,10,6.83,78.5,1400
Mexico,Mexico,Washed / Wet,7.25,7.17,7,6.83,7.58,7.08,8.67,10,10,6.92,78.5,1200
Mexico,Mexico,Washed / Wet,7.58,7.17,7,7.17,7.33,7,8,10,10,7.17,78.42,1500
Guatemala,Central America,Washed / Wet,7.17,6.5,6.67,7,7.17,7.17,10,10,10,6.67,78.33,1219.2
Guatemala,Central America,Washed / Wet,7.17,7.17,6.5,7.17,7,6.83,10,10,10,6.5,78.33,1310.64
Mexico,Mexico,Natural / Dry,7.25,7.25,7,7.5,7.33,7.42,8,9.33,10,7.75,78.33,1300
Indonesia,Asia,Washed / Wet,6.92,6.83,6.92,6.92,6.92,6.83,10,10,10,6.83,78.17,1300
Mexico,Mexico,Washed / Wet,7.08,6.83,6.67,7.25,7.25,6.92,10,9.33,10,6.75,78.08,1050
Taiwan,Asia,Washed / Wet,7.5,7.08,7.33,7.17,7.5,7.5,6.67,10,10,7.25,78,650
Honduras,Central America,Natural / Dry,6.83,7,6.67,7,7,6.83,10,10,10,6.67,78,1350
Guatemala,Central America,Washed / Wet,7.42,7.25,6.83,7.33,7,6.92,9.33,9.33,9.33,7.25,78,1219.2
China,Asia,Washed / Wet,7.33,7.17,6.92,7.08,7.33,7,9.33,9.33,9.33,7.17,78,1200
Guatemala,Central America,Washed / Wet,7,6.83,6.83,7.17,6.67,6.83,10,10,10,6.67,78,1310.64
Mexico,Mexico,Washed / Wet,7.25,7.33,7,7,7.25,7.08,10,10,8,7.08,78,850
Costa Rica,Central America,Washed / Wet,7.5,7.25,7.42,7,7.08,6.83,8.67,9.33,10,6.83,77.92,1200
Mexico,Mexico,Washed / Wet,7.42,7.25,7,7,7.25,7.08,8,10,10,6.92,77.92,1248
Guatemala,Central America,Washed / Wet,7,6.83,6.67,7.17,6.83,6.83,10,10,10,6.5,77.83,1310.64
Taiwan,Asia,Washed / Wet,7.17,6.75,6.58,7.33,7.33,7.17,9.33,9.33,10,6.67,77.67,775
Mexico,Mexico,Washed / Wet,7.17,6.75,6.58,6.75,6.83,6.75,10,10,10,6.67,77.5,1300
Guatemala,Central America,Washed / Wet,7.08,6.92,6.33,7,6.92,7,10,10,10,6.17,77.42,1310.64
Brazil,South America,Natural / Dry,7.5,7.33,7.42,7.58,7.58,6.92,8,8,10,7,77.33,890
Guatemala,Central America,Washed / Wet,7.33,7,6.83,7.17,7.17,7.17,9.33,9.33,9.33,6.67,77.33,1219.2
Mexico,Mexico,Washed / Wet,7.33,7,6.67,7,6.92,6.92,9.33,9.33,10,6.83,77.33,1500
Haiti,Central America,Washed / Wet,6.83,6.83,6.83,6.75,6.92,6.92,9.33,10,10,6.83,77.25,825
Mexico,Mexico,Washed / Wet,7.08,7,7,7.25,7.33,7.25,8.67,8.67,10,6.92,77.17,1200
Peru,South America,Washed / Wet,7.42,7.75,7.42,7.67,7.92,7.83,8.67,5.33,9.33,7.67,77,1200
Mexico,Mexico,Washed / Wet,7.17,6.58,6.58,7,7.25,6.58,9.33,9.33,10,6.58,76.42,1100
Guatemala,Central America,Washed / Wet,7.5,7,6.83,7.5,7.17,7.33,8.67,8.67,8.67,7,76.33,1310.64
Mexico,Mexico,Washed / Wet,7.42,7,6.83,7.08,6.92,6.83,7.33,10,10,6.75,76.17,1400
Indonesia,Asia,Natural / Dry,7.33,7,6.5,6.08,7.58,6.33,9.33,10,9.33,6.67,76.17,3500
Mexico,Mexico,Washed / Wet,7.08,6.83,6.83,7.17,7.17,7.08,10,7.33,10,6.58,76.08,1250
Honduras,Central America,Natural / Dry,6.83,6.83,6.67,6.83,7,6.83,9.33,8.67,10,7,76,1350
Philippines,Asia,Washed / Wet,6.83,6.5,6.5,6.92,6.75,7,9.33,10,9.33,6.67,75.83,1000
Guatemala,Central America,Washed / Wet,7.92,7.58,7.17,7.58,7.33,7.17,8,8,8,6.83,75.58,1310.64
Mexico,Mexico,Washed / Wet,7.5,7.25,6.92,7,7.17,6.83,8,8,10,6.83,75.5,1100
Mexico,Mexico,Washed / Wet,7.17,6.92,6.67,6.83,7.25,7.75,10,6,10,6.58,75.17,1200
Mexico,Mexico,Washed / Wet,7.25,6.83,6.67,7.08,7.17,6.83,10,6.67,10,6.67,75.17,1100
Mexico,Mexico,Washed / Wet,7.17,7.17,6.83,7.17,7.42,6.67,8.67,7.33,10,6.75,75.17,1280
Mexico,Mexico,Washed / Wet,7,6.92,6.75,6.92,7.17,6.83,10,6.67,10,6.75,75,850
Mexico,Mexico,Washed / Wet,7.08,6.75,6.58,7,7,6.75,8.67,8.67,10,6.42,74.92,1500
Mexico,Mexico,Washed / Wet,7.33,6.75,6.67,7.25,7.5,7,10,5.33,10,7,74.83,1250
Mexico,Mexico,Washed / Wet,7.08,7,6.83,7.5,7.33,6.83,8,7.33,10,6.75,74.67,1700
Guatemala,Central America,Washed / Wet,6.5,6.33,6.5,7.5,7.33,6.83,8.67,10,8.67,6,74.33,1310.64
Mexico,Mexico,Washed / Wet,7,6.58,6.67,6.83,7.08,6.83,10,6.67,10,6.67,74.33,1140
Mexico,Mexico,Washed / Wet,6.92,6.42,6.17,7.33,7.25,6.75,10,6.67,10,6.5,74,1200
Mexico,Mexico,Washed / Wet,7.67,7,7.17,7.58,7.33,7.33,10,2.67,10,7.08,73.83,1250
Honduras,Central America,Washed / Wet,7,7.17,6.83,7.17,7,7.17,8,8,8,7.08,73.42,1350
Mexico,Mexico,Washed / Wet,7.08,7.08,6.92,7.08,6.92,6.92,8,8,8,6.92,72.92,1200
Costa Rica,Central America,Washed / Wet,6.33,6.5,6.33,6.83,6.33,6.5,10,6.67,10,6.25,71.75,1200
Mexico,Mexico,Washed / Wet,6.92,6.92,6.92,6.92,7.17,7,10,2.67,10,6.58,71.08,800
Mexico,Mexico,Washed / Wet,6.5,6.67,6.42,7.17,7.33,6.5,8,6,10,6.42,71,1800
Mexico,Mexico,Washed / Wet,6.92,7,6.83,6.92,7.42,6.92,6,6,10,6.75,70.75,1000
Honduras,Central America,Washed / Wet,6.67,6.5,6.17,6.67,6.83,6.17,8,8,8,6.33,69.33,1450
Honduras,Central America,Washed / Wet,7,6.17,6.17,6.67,6.5,6.17,8,8,8,6.5,69.17,1450
Honduras,Central America,Washed / Wet,7,6.33,6.17,6.5,6.67,6.17,8,8,8,6.33,69.17,1450
Mexico,Mexico,Washed / Wet,7.08,6.83,6.25,7.42,7.25,6.75,10,0,10,6.75,68.33,900
Haiti,Central America,Natural / Dry,6.75,6.58,6.42,6.67,7.08,6.67,9.33,6,6,6.42,67.92,350
Nicaragua,Central America,Other,7.25,6.58,6.33,6.25,6.42,6.08,6,6,6,6.17,63.08,1100
Guatemala,Central America,Washed / Wet,7.5,6.67,6.67,7.67,7.33,6.67,8,1.33,1.33,6.67,59.83,1417.32
